id,brand,car_model,type,desc,problem,datetime,status
570590,奇瑞汽车,奇瑞E5,2011款 1.5 手动 优悦型 E5,奇瑞E5漆面掉漆供油不足导致无法加速,"A255,H81,H78,",2021-02-05,信息审核
570586,一汽-大众,探岳,2019款 征途版 280TSI 两驱 豪华型 国Ⅵ,一汽大众探岳大灯水雾影响行车安全,"H82,",2021-02-05,信息审核
570584,一汽-大众,迈腾,2018款 330TSI DSG 豪华型,一汽大众迈腾变速箱无奇数挡仪表盘故障报警,"B20,B96,",2021-02-05,信息审核
570582,东风日产,天籁,2021款 2.0L XL 舒适版,东风日产天籁行驶过程中车门有异响,"H72,",2021-02-05,信息审核
570581,上汽大众,朗逸,2017款 1.6L 自动 舒适版,上汽大众朗逸刹车时前轮出现异响,"E43,",2021-02-05,信息审核
570580,一汽-大众,高尔夫,2021款 280TSI DSG R-Line,一汽大众高尔夫螺丝孔有瑕疵无法安装车牌,"N317,",2021-02-05,信息审核
570578,一汽丰田,锐志,2007款 2.5V 导航版 新锐志REIZ,一汽丰田锐志中控仪表台开裂老化,"H176,",2021-02-05,信息审核
570576,一汽-大众,高尔夫,2017款 1.6L 自动 舒适百万辆纪念版,一汽大众高尔夫加满油低速踩刹车油箱异响,"H147,",2021-02-05,信息审核
570575,长安福特,锐际,2020款 EcoBoost 245 四驱 纵享款 ST-LINE,长安福特锐际经销商喷漆色差明显,"J300,",2021-02-05,信息审核
570569,一汽奔腾,奔腾T77,2020款 PRO 280 TID 自动 尊享型,一汽奔腾T77电瓶亏电导致无法启动,"H146,",2021-02-05,厂家受理
570563,长安福特,翼虎,2018款 EcoBoost 180 两驱 豪翼型,长安福特翼虎防冻液异常消耗希望处理,"A191,",2021-02-05,厂家受理
570562,江淮汽车,嘉悦A5,2020款 1.5T CVT 梦想型,江淮嘉悦A5低速行驶时发动机噪音过大,"A9,A38,",2021-02-05,信息审核
570560,上汽大众,桑塔纳,2021款 1.5L 手动 风尚版,上汽大众桑塔纳购车后不给保养手册,"O353,",2021-02-05,处理反馈
570558,一汽-大众,宝来,2019款 改款 1.5L 自动 舒适型 国VI,一汽大众宝来倒车时踩刹车严重异响,"E43,",2021-02-05,处理反馈
570557,东风日产,轩逸,2020款 改款 1.6L XL CVT 悦享版,东风日产轩逸变速箱失速 方向盘故障灯亮,"A14,B334,D156,",2021-02-05,信息审核
570554,广汽乘用车,传祺GS3,2017款 150N 自动 精英版,广汽传祺GS3爆震传感器故障发动机故障灯亮,"A34,H234,",2021-02-05,信息审核
570553,广汽三菱,欧蓝德,2020款 2.0L 两驱 畅享版 5座,广汽三菱欧蓝德4S店销售维修过的问题车,"M284,",2021-02-05,厂家受理
570546,吉利汽车,吉利ICON,2020款 1.5TD i9,吉利ICON销售人员赠送车膜质量太差,"K307,N317,",2021-02-05,信息审核
570545,BEIJING汽车,绅宝X35,2016款 1.5L 自动 精英版,北汽绅宝X35车辆登记证书缺失无法解压,"O353,",2021-02-05,信息审核
570544,上汽大众斯柯达,柯迪亚克,2018款 TSI330 两驱 豪华优享版 7座 改款,斯柯达柯迪亚克刹车系统存在异响现象,"E43,",2021-02-05,处理反馈
570543,东风悦达起亚,智跑,2019款 2.0L 自动 智享豪华版,东风悦达起亚智跑锦湖轮胎脱皮4S店不予处理,"F186,I295,",2021-02-05,信息审核
570541,华晨宝马,宝马1系,2021款 125i M运动曜夜版,华晨宝马1系车联网APP数据无法更新,"H155,I293,",2021-02-05,信息审核
570534,长安福特,锐际,2020款 EcoBoost 245 四驱 嘉享款,长安福特锐际发动机舱内有异响要求处理,"A9,",2021-02-05,处理反馈
570529,广汽本田,皓影,2020款 240TURBO CVT 两驱 豪华版,广汽本田皓影油管损坏需要更换油箱,"Q322,",2021-02-05,处理反馈
570525,北京现代,领动,2016款 1.6L 自动 智炫·精英型,北京现代领动跑高低速时岀现方向卡滞,"D123,",2021-02-05,信息审核
570522,东风标致,标致408,2015款 1.2T 自动 豪华版,东风标致408召回更换正时皮带后烧机油,"A63,",2021-02-05,处理反馈
570521,东风本田,本田CR-V,2021款 240TURBO CVT 四驱 豪华版,东风本田CR-V按装行车记录仪与承诺不符,"L313,",2021-02-05,信息审核
570517,奔驰（进口）,奔驰E级（进口）,2018款 E 200 敞篷轿跑车,进口奔驰E级尾灯开裂 变速箱跳挡,"B27,H134,H170,H220,",2021-02-05,厂家受理
570512,广汽乘用车,传祺GA6,2016款 235T DCT 豪华版,广汽传祺GA6低速行驶变速箱换挡顿挫,"B33,B19,B334,",2021-02-05,处理反馈
570511,东风雪铁龙,雪铁龙C6,2017款 380THP 尊贵型,东风雪铁龙C6测距雷达故障 店方要收费调试,"K307,",2021-02-05,厂家受理
570507,众泰汽车,众泰Z500,2015款 1.5T 手动 尊贵型,众泰Z500质保期内厂家无配件索赔,"N318,",2021-02-05,信息审核
570505,上汽大众,朗行,2013款 1.4TSI 自动 豪华型,上汽大众朗行车内异味严重影响身体健康,"H185,",2021-02-05,处理反馈
570503,吉利汽车,缤越,2020款 PRO 260T DCT 骑士,吉利缤越转速1300-1800转区间方向盘振动,"D80,",2021-02-05,处理反馈
570500,一汽-大众,C-TREK蔚领,2017款 1.6L 自动 舒适型,一汽大众蔚领天窗严重漏水造成内饰有水渍,"H90,",2021-02-05,处理反馈
570499,东风标致,标致308,2014款 乐享版 经典 1.6L 手动 优尚型,东风标致308油泵变形导致油表显示不准确,"H78,H271,",2021-02-05,处理反馈
570496,一汽丰田,RAV4荣放,2020款 2.5L CVT 两驱 精英版 双擎,一汽丰田RAV4荣放空调出风口经常异响,"H101,",2021-02-05,信息审核
570494,东风风行,景逸X5,2017款 1.5T CVT 智联型 劲享系列,东风风行景逸X5发动机漏油 变速箱异响,"A12,B33,H21,",2021-02-05,信息审核
570489,一汽-大众,迈腾,2019款 330TSI DSG 领先型 国VI,一汽大众迈腾变速箱异响顿挫存在质量问题,"A9,B33,B19,",2021-02-05,处理反馈
570483,上汽大众,凌渡,2021款 280TSI DSG 舒适版,上汽大众凌渡厂家置换补贴承诺4S店不兑现,"L313,",2021-02-05,处理反馈
570482,领克,领克05,2020款 2.0TD 四驱 劲Halo,领克05内饰异响 方向盘与踏板共振,"H268,H164,",2021-02-05,处理反馈
570481,奇瑞汽车,艾瑞泽5,2020款 1.5L CVT 运动版,奇瑞艾瑞泽5无操作情况下发动机自行启动,"H49,",2021-02-05,厂家受理
570479,一汽-大众,探岳,2020款 330TSI 两驱 豪华智联版,一汽大众探岳右大灯透镜发白越来越严重,"H82,",2021-02-05,处理反馈
570476,一汽丰田,RAV4荣放,2020款 2.0L CVT 两驱 风尚版,一汽丰田RAV4荣放车窗玻璃共振 中控异响,"H72,H268,H93,",2021-02-05,信息审核
570473,长安福特,翼搏,2013款 1.5 自动 尊贵型,长安福特翼搏变速箱拨叉存在设计缺陷,"B77,Q322,",2021-02-05,处理反馈
570468,东风本田,本田CR-V,2021款 锐·混动 2.0L 两驱 净行版,东风本田CR-V颠簸路行驶汽油箱和后备箱异响,"H68,H147,",2021-02-05,信息审核
570464,特斯拉中国,Model Y,2021款 长续航 全轮驱动版,特斯拉Model Y空调不制热 充电时自动断电,"H101,H340,",2021-02-05,信息审核
570462,上汽大众,凌渡,2019款 280TSI DSG 舒适版 国V,上汽大众凌渡刹车时有异响4S店否认质量问题,"E43,",2021-02-05,处理反馈
570459,北京汽车,威旺S50,2016款 1.5T 手动 乐动豪华型,北汽威旺S50车辆停放时发生自燃厂家不处理,"H40,",2021-02-05,信息审核
570456,上汽大众,朗逸,2019款 朗逸启航 1.5L 自动 风尚版 国VI,上汽大众朗逸踩油门加速发动机异响,"A9,",2021-02-05,处理反馈
570455,BEIJING汽车,BEIJING-X7,2020款 1.5TD DCT 致领版,BEIJING-X7发动机曲轴前油封处有漏油的现象,"A12,",2021-02-05,信息审核
570453,东风本田,本田CR-V,2017款 240TURBO 自动 四驱 尊耀版,东风本田CR-V抬头显示盖板不回位厂家不保修	,"H134,",2021-02-05,信息审核
570452,吉利汽车,帝豪GL,2018款 1.4T 自动 尊贵智联型,吉利帝豪GL变速箱异响抖动车身异响,"A9,B33,B95,H15,",2021-02-05,处理反馈
570445,奇瑞新能源,瑞虎3xe,2018款 480 畅优版,奇瑞瑞虎3xe电瓶进水 空调漏水 厂家不保修,"H101,H146,I297,",2021-02-05,厂家受理
570438,奇瑞新能源,瑞虎e,2021款 虎啸版,奇瑞瑞虎e行驶时经常出现动力切断故障,"H343,",2021-02-04,信息审核
570436,广汽本田,缤智,2015款 1.5L CVT 两驱舒适型,广汽本田缤智冷启动发动机VTC作用器异响,"A9,",2021-02-04,处理反馈
570435,东风日产,骐达TIIDA,2011款 1.6 CVT 智能版 新骐达,东风日产骐达TIIDA变速箱换挡顿挫,"B19,",2021-02-04,信息审核
570434,广汽丰田,凯美瑞,2007款 240G 豪华版,广汽丰田凯美瑞仪表台老化粘手异味严重,"H176,H164,",2021-02-04,信息审核
570432,上汽大众,途观L,2020款 330TSI 自动 两驱 全景舒适版 国VI,上汽大众途观L发动机起停失灵 油耗增加,"A85,H263,",2021-02-04,处理反馈
570430,东风日产,阳光,2016款 1.5XE 手动 领先版,东风日产阳光变速器异响 油表显示不准确,"B33,H202,",2021-02-04,信息审核
570428,东风雪铁龙,雪铁龙C4L,2013款 1.8L 自动 劲智版,东风雪铁龙C4L方向机转向异响要求解决,"D59,D265,",2021-02-04,厂家受理
570426,雷克萨斯,雷克萨斯LS,2006款 460L  自动  尊贵版,雷克萨斯LS中控仪表台开裂发粘有异味	,"H176,",2021-02-04,信息审核
570425,东风日产,天籁,2020款 2.0L XL 舒适版,东风日产天籁加满油后刹车时汽油箱异响,"H147,",2021-02-04,信息审核
570424,吉利汽车,缤越,2020款 PRO 240T DCT 猎手,吉利缤越刹车时有异响4S店不予解决,"E43,",2021-02-04,处理反馈
570423,吉利汽车,嘉际,2019款 1.5TD MHEV DCT 臻享型,吉利嘉际购车旅游基金承诺一直没有兑现,"L313,",2021-02-04,信息审核
570422,奔驰（进口）,奔驰GLE,2018款 GLE 320 4MATIC 动感型 臻藏版,进口奔驰GLE转向系统故障 中控屏黑屏,"A14,A44,D291,H134,H211,",2021-02-04,信息审核
570419,BEIJING汽车,绅宝D50,2018款 1.5L CVT 尊享智联版,绅宝D50电子驻车系统故障报警4S店不予保修,"E62,E159,I297,",2021-02-04,处理反馈
570417,一汽-大众奥迪,奥迪Q5,2015款 40 TFSI 舒适型 5座,一汽大众奥迪Q5发动机漏油烧机油 漏冷却液,"A12,A63,A37,",2021-02-04,信息审核
570415,奇瑞汽车,捷途X70S,2019款 1.5T DCT 坦途版 5座,捷途X70S发动机故障 功率不足 剧烈抖动,"A24,A163,",2021-02-04,处理反馈
570414,江铃福特,领界,2019款 EcoBoost 145 CVT 精领型 国VI,江铃福特领界变速箱漏油维修多次无法解决,"B22,J298,",2021-02-04,用户评分
570413,上汽大众,凌渡,2018款 230TSI 手动 风尚版,上汽大众凌渡离合器异响 减震器异响,"C65,G52,",2021-02-04,处理反馈
570412,长安马自达,马自达3 昂克赛拉,2016款 1.5L 手动 豪华型 三厢,长安马自达昂克赛拉刹车异响 减震器异响,"E43,G52,",2021-02-04,处理反馈
570411,东风本田,本田CR-V,2019款 240TURBO CVT 两驱 舒适版 国V,东风本田CR-V事故维修垫付款售后未退还,"L314,",2021-02-04,信息审核
570410,广汽丰田,雷凌,2021款 185T CVT 豪华版,广汽丰田雷凌低速行驶时变速箱顿挫,"B19,",2021-02-04,信息审核
570406,华晨宝马,宝马1系,2020款 120i M运动套装,华晨宝马1系刹车抱死希望厂家质保,"E29,",2021-02-04,信息审核
570405,比亚迪,比亚迪F0,2010款 尚酷爱国版 1.0 手动 悦酷型,比亚迪F0车身侧裙和底盘出现生锈现象,"H79,",2021-02-04,处理反馈
570401,上汽大众,桑塔纳,2016款 1.6L 手动 风尚版 三厢,上汽大众桑塔纳发动机启动困难故障灯亮,"A34,A44,",2021-02-04,处理反馈
570400,一汽-大众,宝来,2019款 宝来·传奇 1.5L 手动 时尚型 国VI,一汽大众宝来胎压监测报警维修多次未解决,"H203,",2021-02-04,处理反馈
570394,东风雪铁龙,雪铁龙C4L,2013款 1.6THP 自动 劲驰版,东风雪铁龙C4L方向盘管柱有松动现象,"D80,D265,",2021-02-04,厂家受理
570393,东风标致,标致408,2014款 1.8L 自动 豪华版,标致408发动机严重烧机油 后桥异响,"A63,G158,",2021-02-04,处理反馈
570392,奇瑞汽车,瑞虎8 PLUS,2021款 290TGDI DCT 豪享版,奇瑞瑞虎8 PLUS刹车异响后备箱无故弹起,"E43,H68,",2021-02-04,厂家受理
570391,东风标致,标致408,2014款 1.8L 自动 豪华版,东风标致408发动机烧机油故障灯亮,"A34,A63,",2021-02-04,处理反馈
570387,上汽大众,凌渡,2019款 280TSI DSG 舒适版 国VI,上汽大众凌渡天窗异响售后没有解决问题,"H89,",2021-02-04,处理反馈
570386,东风英菲尼迪,英菲尼迪Q50L,2015款 2.0T 自动 悦享版,英菲尼迪Q50L车内异味希望厂家处理,"H185,H90,",2021-02-04,信息审核
570378,一汽-大众,探岳,2020款 330TSI 两驱 豪华智联版,大众探岳变速箱脱挡共振 反光镜异响,"B246,B208,H211,",2021-02-04,处理反馈
570377,长城汽车,哈弗大狗,2021款 1.5T DCT 拉布拉多版,哈弗大狗电瓶亏电导致发动机无法启动,"H146,",2021-02-04,处理反馈
570374,一汽-大众,高尔夫,2017款 230TSI 自动 舒适百万辆纪念版,一汽大众高尔夫变速箱换挡机构故障,"B96,B77,B184,",2021-02-04,处理反馈
570373,一汽-大众,速腾,2019款 280TSI DSG 豪华型 国V,一汽大众速腾高压油泵异响更换配件未解决,"A9,H78,",2021-02-04,处理反馈
570369,东风标致,标致508,2021款 508L 400THP PureTech 驾控版,东风标致508发动机无法启动而且故障灯亮,"A9,A34,A44,",2021-02-04,处理反馈
570366,吉利汽车,帝豪GL,2018款 1.4T 自动 精英智联型,吉利帝豪GL变速箱过热失速而且有异响,"B33,B96,B246,",2021-02-04,处理反馈
570365,北京现代,胜达,2013款 2.4L 自动 两驱 智能型 GLS,北京现代胜达4S店喷漆有划痕保险杠缝隙大,"H209,J303,",2021-02-04,信息审核
570363,一汽-大众奥迪,奥迪Q5L,2020款 40 TFSI 荣享时尚型,一汽大众奥迪Q5L多个故障灯同时报警希望处理,"H110,",2021-02-04,信息审核
570362,领克,领克03,2020款 2.0TD 自动 劲Pro版,领克03事故维修后座椅挤压起皱服务差,"H169,I293,J299,",2021-02-04,处理反馈
570360,云度新能源,云度π1,2020款 Pro 远行版 乐派型,云度π1仪表台异响方向盘异响电池充电缓慢,"D59,H185,H93,H343,",2021-02-04,信息审核
570359,BEIJING汽车,智行,2018款 1.5T CVT 新智版 国V,BEIJING汽车智行玻璃升降器有故障,"H67,N318,",2021-02-04,处理反馈
570358,上汽大众,凌渡,2015款 280TSI 手动 舒适版,上汽大众凌渡车内异味要求给予解决,"H185,",2021-02-04,处理反馈
570356,奇瑞捷豹路虎,捷豹XEL,2019款 2.0T 200PS 尊享版,奇瑞捷豹路虎XEL发动机熄火 发动机漏油,"A12,A14,",2021-02-04,处理反馈
570355,长安福特,锐界,2020款 EcoBoost 245 两驱 豪锐型 7座,长安福特锐界电瓶亏电导致无法启动,"H146,",2021-02-04,处理反馈
570352,华晨中华,中华V7,2019款 运动款 280T 自动 豪华型,华晨中华V7发动机故障灯亮 4S店不予索赔,"A24,A34,I297,",2021-02-04,信息审核
570351,一汽-大众,迈腾,2017款 330TSI DSG 豪华型,一汽大众迈腾遥控钥匙漏电希望解决,"H119,",2021-02-04,处理反馈
570350,上汽通用五菱,五菱宏光,2016款 1.5L 尊享型 S1 国V,上汽通用五菱宏光前轮吃胎偏磨严重,"G245,",2021-02-04,信息审核
570347,北汽新能源,北汽新能源EC5,2019款 新风版,北汽新能源EC5续航里程不足希望处理,"H344,M283,",2021-02-04,处理反馈
570346,BEIJING汽车,BEIJING-EU5,2018款 R550 智领版,BEIJING-EU5新车车身顶部A柱大面积喷漆,"M284,",2021-02-04,处理反馈
570345,北京奔驰,奔驰E级,2019款 E 300L 运动豪华型,北京奔驰E级方向机异响厂家拒绝更换,"D59,D265,",2021-02-04,信息审核
570344,广汽本田,广汽本田VE-1,2020款 舒适版,广汽本田VE-1续航里程不足要求尽快处理,"H344,",2021-02-04,信息审核
570343,斯巴鲁,森林人,2016款 2.0i 时尚导航版,斯巴鲁森林人方向机异响 三角臂故障,"D59,G210,",2021-02-04,信息审核
570342,长安福特,锐界,2015款 2.7T GTDi 四驱 运动型,长安福特锐界塑料油底壳出现漏油,"A12,",2021-02-04,处理反馈
570341,东风本田,哥瑞,2016款 1.5L CVT 舒适版,东风本田哥瑞冷车启动异响存在质量问题,"A9,",2021-02-04,处理反馈
570339,一汽-大众,速腾,2018款 280TSI DSG熠动版,一汽大众速腾高压泵异响厂家不予解决,"A9,I295,",2021-02-04,处理反馈
570338,一汽-大众,速腾,2018款 280TSI DSG熠动版,一汽大众速腾颠簸路面行驶时底盘异响,"G56,",2021-02-04,处理反馈
570337,一汽奔腾,奔腾B30,2017款 1.6L 手动 舒适型,一汽奔腾B30轮毂掉漆厂家未索赔,"H243,",2021-02-04,厂家受理
570336,上汽通用五菱,五菱宏光,2016款 1.5L 尊享型 S1 国V,上汽通用五菱宏光挂三挡打齿驻车时无法挂入,"B33,B20,",2021-02-04,信息审核
570335,一汽-大众,探岳,2019款 330TSI 两驱 豪华型Plus 国VI,一汽大众探岳变速箱拖挡导致车身共振抖动,"B69,",2021-02-04,处理反馈
570332,一汽丰田,锐志,2007款 2.5S 天窗版 锐志 REIZ,一汽丰田锐志仪表台开裂 影响气囊弹出,"H176,",2021-02-04,信息审核
570331,上汽大众,途昂X,2020款 380TSI 四驱 豪华版,上汽大众途昂X前悬挂异响经销商无配件,"G204,N318,",2021-02-04,处理反馈
570327,海马汽车,海马M3,2013款 1.5L 手动 精英型,海马M3安全气囊故障灯亮一直未解决,"H103,",2021-02-04,厂家受理
570325,奇瑞汽车,瑞虎5x,2017款 1.5T 自动 精英型,奇瑞瑞虎5x发动机实际油耗高希望解决,"A85,",2021-02-04,处理反馈
570324,上汽大众,途观L,2020款 330TSI 自动 两驱 智动豪华版 国VI,上汽大众途观L事故维修后启停失灵油耗高,"A85,H263,J300,",2021-02-04,处理反馈
570323,长安马自达,马自达CX-5,2015款 2.5L 自动 四驱 尊贵型,长安马自达CX-5发动机变速箱连接处漏机油,"A12,",2021-02-04,处理反馈
570321,东风悦达起亚,赛拉图,2012款 1.6L 手动 GL,东风悦达起亚赛拉图变速箱异响严重,"B33,",2021-02-04,处理反馈
570319,一汽-大众,T-ROC探歌,2020款 280TSI DSG 两驱 舒适型,一汽大众探歌新车油耗高希望厂家处理,"A85,",2021-02-04,处理反馈
570316,长城汽车,WEY P8,2018款 2.0T 旗舰型,WEY P8混合动力功能受限行驶时动力消失,"A255,A346,",2021-02-04,处理反馈
570312,长安福特,锐际,2020款 EcoBoost 245 两驱 耀享款,长安福特锐际新车发动机怠速抖动,"A24,",2021-02-04,处理反馈
570311,奇瑞汽车,艾瑞泽5,2017款 1.5L CVT 尊贵版,奇瑞艾瑞泽5车门生锈维修后再次生锈,"H79,",2021-02-04,处理反馈
570309,奇瑞新能源,奇瑞QQ3EV,2014款 EV 运动版,奇瑞QQ3EV动力电池严重衰减厂家不予解决,"H343,I295,",2021-02-04,信息审核
570305,吉利汽车,帝豪GL,2020款 1.4T CVT 豪华型,吉利帝豪GL踩刹车或松刹车时变速箱有异响,"B33,",2021-02-04,用户评分
570303,一汽-大众奥迪,奥迪Q5L,2020款 改款 40 TFSI 荣享时尚型,一汽大众奥迪Q5L发动机和变速箱连接处渗油,"A12,B22,H93,",2021-02-04,信息审核
570300,东风标致,标致308,2016款 1.6L 自动 豪华版,东风标致308保养过后提示发动机故障,"A34,J300,",2021-02-04,处理反馈
570297,广汽本田,飞度,2016款 1.5L LX CVT 舒适型,广汽本田飞度冷车启动异响希望尽快处理,"A9,",2021-02-04,处理反馈
570296,长安福特,锐界,2018款 EcoBoost 245 两驱 豪锐型 7座 国V,长安福特锐界发动机漏机油希望尽快处理,"A12,",2021-02-04,处理反馈
570295,长城汽车,炮,2019款 2.0T 商用版 手动 两驱 精英型 长箱 GW4D20M 柴油,长城炮发动机故障灯报警 无法启动,"A34,A44,",2021-02-04,处理反馈
570293,一汽-大众,宝来,2017款 230TSI DSG 舒适型,一汽大众宝来挂挡后无法行驶 发动机抖动,"A24,B334,",2021-02-04,处理反馈
570291,一汽红旗,红旗H5,2020款 1.8T 自动 智联旗韵版,红旗H5后备箱自动开启 车窗自动下降,"H67,H68,",2021-02-04,信息审核
570290,一汽丰田,卡罗拉,2017款 1.2T S-CVT GL 改款,一汽丰田卡罗拉门窗异响售后未解决问题,"H72,",2021-02-04,信息审核
570289,广汽三菱,欧蓝德,2018款 2.4L 四驱 精英版 5座,广汽三菱欧蓝德发动机抖动 后排座椅共振,"A24,H268,",2021-02-04,厂家受理
570288,比亚迪,比亚迪e2,2021款 升级版 标准续航版 标准型,比亚迪e2动力电池续航不足电量消耗大,"H343,H344,",2021-02-04,处理反馈
570286,众泰汽车,江南T11,2015款 舒适型,江南T11行驶中变速箱异响无人处理,"B33,",2021-02-04,信息审核
570281,长安福特,蒙迪欧,2013款 1.5T 自动 GTDi180时尚型,长安福特蒙迪欧行驶中发动机失去动力,"A255,",2021-02-04,处理反馈
570280,东风标致,标致5008,2017款 380THP 精英版 7座,东风标致5008发动机烧机油 转向异响,"A63,D59,G52,",2021-02-04,处理反馈
570278,长安汽车,长安欧尚X7,2021款 1.5T 自动 豪华型,长安欧尚X7后备箱车灯不亮希望尽快处理,"H82,",2021-02-04,信息审核
570277,东风本田,本田UR-V,2017款 370TURBO 两驱 尊贵版 国V,东风本田UR-V转向拉杆断裂更换后再次断裂,"H168,",2021-02-04,处理反馈
570275,东风日产,轩逸,2020款 1.6L XL CVT 悦享版,东风日产轩逸变速箱不换挡要求尽快解决,"B20,",2021-02-04,处理反馈
570272,奇瑞捷豹路虎,发现运动版,2020款 249PS R-Dynamic SE 性能科技版 7座,奇瑞路虎发现运动版底盘变硬滤震效果变差,"G56,",2021-02-04,处理反馈
570271,一汽-大众奥迪,奥迪Q5L,2020款 45 TFSI 尊享运动型,奥迪Q5L发动机抖动 变速箱顿挫异响,"A24,B33,B19,",2021-02-04,信息审核
570269,奇瑞新能源,小蚂蚁,2021款 15万蚁粉款 蚁潮版,奇瑞小蚂蚁高压绝缘故障动力电池断电,"H343,",2021-02-04,厂家受理
570268,吉利汽车,缤越,2019款 260T DCT 骑士 国V,吉利缤越厂家未履行车机系统更新承诺,"L314,",2021-02-04,处理反馈
570265,一汽丰田,RAV4荣放,2020款 2.0L CVT 两驱 风尚PLUS版,一汽丰田RAV4荣放颠簸路面前车窗玻璃异响,"H72,",2021-02-04,信息审核
570263,上汽通用五菱,五菱宏光,2019款 1.5L S 基本型 L2B,上汽通用五菱宏光经销商出售库存车,"M283,",2021-02-04,处理反馈
570261,长安汽车,长安CS55,2017款 1.5T 手动 炫动型,长安CS55一挡起步时车身抖动严重,"C87,",2021-02-04,用户评分
570259,东风日产,逍客,2016款 2.0L CVT 精英版,东风日产逍客低速行驶变速箱顿挫,"B19,",2021-02-04,处理反馈
570257,东风雪铁龙,天逸 C5 AIRCROSS新能源,2020款 1.6T 四驱 插混尊享型,雪铁龙天逸C5 AIRCROSS新能源中控屏缝隙大,"H209,",2021-02-04,信息审核
570256,北汽新能源,EV系列,2014款 E150 EV 科技版,北汽新能源EV动力丢失  厂家拒绝保修,"A341,I297,",2021-02-04,处理反馈
570254,一汽-大众,探岳,2020款 330TSI 两驱 豪华智联版,一汽大众探岳1000-1200转时发动机抖动,"A24,",2021-02-04,用户评分
570249,东风英菲尼迪,英菲尼迪Q50L,2018款 2.0T 进享版 国VI,英菲尼迪Q50L刹车片异常磨损频繁更换,"E43,E47,",2021-02-04,信息审核
570247,东风本田,本田XR-V,2015款 1.5L LXi CVT经典版,东风本田XR-V早上启动时发动机舱有异响,"A9,",2021-02-04,用户评分
570246,上汽大众,途观L,2020款 330TSI 自动 两驱 智动豪华版 国VI,大众途观L发动机启停系统故障 刹车失灵异响,"E43,E29,H263,",2021-02-04,处理反馈
570245,奇瑞汽车,瑞虎8 PLUS,2021款 290TGDI DCT 豪享版,奇瑞瑞虎8 PLUS车机系统无法读取U盘,"H155,",2021-02-04,处理反馈
570244,一汽马自达,马自达8,2015款 2.5L 至尊版,一汽马自达8排气管异响及起动机卡滞,"A44,H31,",2021-02-04,信息审核
570242,一汽-大众,迈腾,2017款 280TSI DSG 舒适型,一汽大众迈腾处于紧急运行模式无法挂倒挡,"B20,",2021-02-04,用户评分
570236,东风日产,骐达TIIDA,2019款 1.6L CVT 智尊版 国Ⅵ,东风日产骐达悬架生锈厂家没有回复,"H79,I294,",2021-02-04,厂家受理
570235,北京现代,索纳塔,2020款 270TGDi GL DCT 领先版,北京现代索纳塔转向异响希望厂家处理,"D59,",2021-02-04,信息审核
570234,东风日产,逍客,2017款 2.0L CVT 精英版 国Ⅵ,东风日产逍客转向异响换件未解决问题,"D59,H134,J298,N318,",2021-02-04,处理反馈
570229,广汽本田,飞度,2016款 1.5L LX CVT 舒适型,广汽本田飞度发动机启动异响 故障报警,"A9,A34,",2021-02-04,处理反馈
570228,北京现代,胜达,2020款 380 TGDi GLS 自动 两驱 豪华版,北京现代胜达雨刮胶条脱落 置换补贴未到账,"H60,L313,",2021-02-04,信息审核
570221,奇瑞汽车,艾瑞泽5,2017款 1.5L CVT 豪华版,奇瑞艾瑞泽5车身不同程度生锈腐烂异响,"G52,H79,",2021-02-04,处理反馈
570217,一汽奔腾,奔腾X40,2017款 1.6L 自动 尊享型,一汽奔腾X40发动机4缸失火车身抖动,"A24,",2021-02-04,处理反馈
570216,一汽-大众,探岳,2019款 征途版 280TSI 两驱 豪华型 国Ⅵ,一汽大众探岳车灯不亮 影响行车安全,"H82,",2021-02-04,处理反馈
570215,一汽-大众捷达,捷达VA3,2019款 1.5L 手动 进取版,捷达VA3发动机故障灯亮 制动系统故障灯亮,"A34,E62,",2021-02-04,厂家受理
570214,奇瑞新能源,小蚂蚁,2021款 15万蚁粉款 蚁潮版,奇瑞小蚂蚁远程启动和续航里程与宣传不符,"H155,H344,M279,",2021-02-04,信息审核
570213,上汽集团,名爵3,2011款 1.3 手动 舒适版,上汽名爵3正式链条更换 要求报销费用,"A45,L314,",2021-02-04,处理反馈
570212,一汽丰田,亚洲龙,2019款 双擎 2.5L XLE 尊贵版 国Ⅵ,丰田亚洲龙发动机机油增多希望厂家处理,"A339,",2021-02-04,信息审核
570211,东风汽车,东风小霸王,轻型仓栅式货车,东风小霸王刹车时失灵 ABS故障灯亮,"E29,E74,",2021-02-04,信息审核
570210,北京现代,途胜,2015款 1.6T   双离合 两驱 智能型,北京现代途胜发动机故障灯亮 提速无力,"A34,A160,",2021-02-04,信息审核
570201,一汽-大众奥迪,奥迪Q5,2017款 2.0T 40 TFSI 技术型,一汽大众奥迪Q5水泵和节温器漏防冻液,"A37,",2021-02-04,信息审核
570200,猎豹汽车,猎豹CS10,2017款 2.0T 自动 豪华型,猎豹CS10变速箱异响 转向异响 胎压监测故障,"B33,D59,H203,",2021-02-04,信息审核
570199,一汽-大众奥迪,奥迪Q3,2018款 30 TFSI 时尚型 30周年年型,一汽大众奥迪Q3车辆起步时发动机异响,"A9,",2021-02-04,信息审核
570197,江铃福特,领界,2019款 EcoBoost 145 CVT 铂领型 国VI,江铃福特领界尾门开裂要求给予解决,"H168,H68,",2021-02-03,处理反馈
570196,一汽吉林,森雅R7,2016款 1.6L 手动 豪华型,一汽吉林森雅R7发动机故障报警经销商无配件,"A24,A34,N318,",2021-02-03,信息审核
570195,奇瑞汽车,捷途X70 PLUS,2021款 1.6T DCT 地 7座,捷途X70 PLUS车灯照射距离近 不聚光,"H82,",2021-02-03,处理反馈
570194,上汽通用五菱,新宝骏RC-5,2020款 1.5T CVT 智耀尊享型,新宝骏RC-5车机绿屏 360全景成像偏差,"H134,H155,H67,",2021-02-03,处理反馈
570193,一汽丰田,卡罗拉,2021款 1.2T S-CVT 先锋版,一汽丰田卡罗拉低速变速箱顿挫异响,"B33,B19,",2021-02-03,信息审核
570192,吉利汽车,帝豪GL,2019款 1.4T CVT 精英智享版,吉利帝豪GL车辆行驶时A柱出现异响,"H15,",2021-02-03,处理反馈
570189,广汽丰田,凯美瑞,2016款 2.5HG CVT 十周年纪念豪华导航版 双擎,广汽丰田凯美瑞真皮方向盘破损脱落,"H168,",2021-02-03,信息审核
570188,北京奔驰,奔驰GLC,2020款 GLC 300 L 4MATIC 豪华型,北京奔驰GLC减震器过硬影响舒适性,"G171,",2021-02-03,信息审核
570183,一汽-大众,探岳,2020款 330TSI 两驱 豪华智联版,一汽大众探岳自动启停失效 油耗增加,"A85,H263,",2021-02-03,处理反馈
570182,一汽-大众奥迪,奥迪A4L,2020款 45 TFSI quattro 臻选致雅型,一汽大众奥迪A4L安装中网导致车辆受损,"I295,J303,",2021-02-03,信息审核
570168,东风本田,本田CR-V,2018款 1.5T CVT 两驱 舒适版,东风本田CR-V变速箱损坏行驶中动力消失,"B334,",2021-02-03,处理反馈
570167,华晨中华,中华V7,2018款 280T 手动 豪华型 5座,华晨中华V7发动机故障灯亮发动机无法启动,"A34,A44,B19,H119,",2021-02-03,信息审核
570158,东风标致,标致307,2009款 两厢 1.6L 手动 爱乐版,东风标致307召回后油箱有严重汽油味,"H75,",2021-02-03,处理反馈
570155,上汽大众斯柯达,柯米克,2020款 1.5L 自动 舒适版,斯柯达柯米克前挡风玻璃开裂4S店不索赔,"H113,I297,",2021-02-03,处理反馈
570154,江淮汽车,瑞风S3,2016款 1.5L 手动 豪华智能型,江淮瑞风S3定速巡航失效 发动机故障灯亮,"A34,H253,",2021-02-03,用户评分
570152,东风日产,蓝鸟,2016款 1.6L CVT 高能版,东风日产蓝鸟油箱容积与厂家宣传不符,"M279,",2021-02-03,用户评分
570142,北京现代,领动,2016款 1.4T  双离合 炫动·活力型,北京现代领动中网与门把手氧化生锈严重,"H79,",2021-02-03,信息审核
570140,比亚迪,比亚迪S6,2013款 劲悦版 2.0L 手动 精英型 5座,比亚迪S6车身漆面起泡开裂希望处理,"H81,",2021-02-03,处理反馈
570138,一汽丰田,卡罗拉,2019款 1.2T S-CVT GL-i精英版,一汽丰田卡罗拉预碰撞系统故障倒车异响,"G56,H170,",2021-02-03,信息审核
570137,福田汽车,祥菱M,2018款 1.5L M2非承载 单排 后双胎(厢式)DAM15L,福田祥菱M轮毂螺丝杆断裂底盘异响,"G56,G200,",2021-02-03,信息审核
570135,东风日产,天籁,2020款 改款 2.0L XL 舒适版,东风日产天籁油箱异响希望厂家处理,"H147,",2021-02-03,处理反馈
570133,广汽本田,冠道,2020款 370TURBO 四驱 尊享版,广汽本田冠道首保后出现发动机漏油,"A12,",2021-02-03,用户评分
570131,一汽丰田,RAV4荣放,2020款 2.0L CVT 两驱 都市版,一汽丰田RAV4荣放右侧A柱仪表台附近异响,"H93,",2021-02-03,信息审核
570130,一汽-大众,速腾,2021款 280TSI DSG 豪华智联版,一汽大众速腾后车门关闭时有异响,"H72,",2021-02-03,处理反馈
570129,华晨宝马,宝马5系,2020款 530Li 领先型 M运动套装,华晨宝马5系合格证二维码无法扫描,"M284,",2021-02-03,信息审核
570128,广汽本田,凌派,2019款 180Turbo CVT 舒适版 国VI,广汽本田凌派发动机故障灯亮多次维修未解决,"A34,J298,",2021-02-03,用户评分
570127,一汽-大众,探岳,2020款 330TSI 两驱 豪华智联版,一汽大众探岳大灯进水希望尽快处理,"H88,",2021-02-03,处理反馈
570125,东风本田,哥瑞,2016款 1.5L CVT 风尚版,东风本田哥瑞发动机冷启动异响希望处理,"A9,",2021-02-03,厂家受理
570123,长安福特,金牛座,2019款 EcoBoost 245 尊享版,长安福特金牛座打死方向车轮异响,"G125,",2021-02-03,处理反馈
570121,奇瑞汽车,瑞虎8,2019款 1.5TCI 手动 精英型,奇瑞瑞虎8车灯盲区过大 倒车灯亮度不足,"H82,Q322,",2021-02-03,处理反馈
570119,东风雪铁龙,雪铁龙C4L,2013款 1.6THP 自动 劲智版,东风雪铁龙C4L高压油泵故障希望处理,"H78,",2021-02-03,处理反馈
570118,上汽集团,名爵5,2021款 180DVVT CVT 青春豪华版,上汽名爵5官方淘宝直播活动不兑现,"L313,",2021-02-03,处理反馈
570117,广汽本田,缤智,2020款 1.5L CVT 豪华版,广汽本田缤智左侧车门内侧有掉漆的现象,"H81,",2021-02-03,处理反馈
570116,一汽吉林,森雅R9,2018款 1.2T 自动 尊贵智悦型,一汽森雅R9发动机防盗锁锁死 4S店无法打开,"H23,",2021-02-03,信息审核
570111,一汽-大众,探岳,2019款 330TSI 四驱 豪华型 国Ⅵ,一汽大众探岳行驶时拖挡导致共振,"B69,B208,",2021-02-03,处理反馈
570109,东风日产,逍客,2017款 2.0L CVT 智享版 国V,东风日产逍客普利司通轮胎老化有裂纹,"F100,",2021-02-03,处理反馈
570108,一汽-大众奥迪,奥迪A6L,2018款 35 TFSI 双离合 运动型,一汽大众奥迪A6L两后倍耐力轮胎磨损,"F10,",2021-02-03,处理反馈
570107,广汽丰田,凯美瑞,2016款 2.0G 自动 十周年纪念领先版,广汽丰田凯美瑞前半轴防尘套漏油,"G161,",2021-02-03,信息审核
570099,星途,星途TX,2019款 TX 1.6T 四驱 铂金版,星途TX电池亏电严重导致空调无法启动,"H79,H146,",2021-02-03,信息审核
570095,江西五十铃,铃拓,2020款 2.5T 两驱 手动 领航版 国VI JE4D25Q6A,江西五十铃铃拓变速箱抖动希望厂家处理,"B95,",2021-02-03,信息审核
570094,一汽-大众,高尔夫,2017款 230TSI 自动 豪华百万辆纪念版,一汽大众高尔夫4S店 更换配件以旧充新,"N316,",2021-02-03,处理反馈
570093,吉利汽车,缤越,2019款 260T DCT 游侠 国VI 运动款,吉利缤越发动机故障灯亮 服务态度蛮横,"A34,I293,",2021-02-03,处理反馈
570092,江淮汽车,瑞风S2,2015款 1.5L CVT 豪华型,江淮瑞风S2行驶中TCU故障防侧滑报警,"B96,H170,",2021-02-03,处理反馈
570091,上汽通用五菱,五菱宏光,2019款 1.5L S 基本型 L2B,上汽通用五菱宏光遥控器失灵 电瓶亏电,"H146,H110,H119,",2021-02-03,用户评分
570087,一汽丰田,威驰,2019款 1.5L CVT 创行版,一汽丰田威驰发动机冷却液渗漏希望厂家处理,"A37,",2021-02-03,信息审核
570086,广汽本田,凌派,2013款 1.8L 自动 舒适版,广汽本田凌派4S店收取高额报价费,"K307,",2021-02-03,处理反馈
570082,东风日产,天籁,2020款 2.0L XL 舒适版,东风日产天籁油箱行驶时异响希望更换,"H147,",2021-02-03,处理反馈
570078,北京奔驰,奔驰GLB,2020款 GLB 200 时尚型,奔驰GLB发动机故障灯亮 天窗开关异常,"A34,H155,",2021-02-03,处理反馈
570074,DS汽车,DS6,2016款 1.6T 豪华版THP160,DS6天窗无法完全关闭希望尽快处理,"H192,",2021-02-03,信息审核
570072,广汽本田,雅阁,2018款 260TURBO 精英版 国VI,广汽本田雅阁高速行驶时修正方向卡顿,"D59,D123,",2021-02-03,处理反馈
570069,东风本田,本田UR-V,2017款 370TURBO 四驱 尊耀版 国V,东风本田UR-V进气格栅开裂厂家不予索赔,"H168,I297,",2021-02-03,处理反馈
570068,庆铃汽车,巨咖,巨咖,庆铃巨咖原车未配备汽笛希望处理,"Q322,",2021-02-03,信息审核
570066,奇瑞汽车,捷途X70,2020款 1.5T DCT 智行版 5座,捷途X70减震器异响 转向异响 颠簸抖动,"D59,G52,G162,",2021-02-03,处理反馈
570059,东风本田,本田CR-V,2017款 240TURBO 自动 两驱 舒适版,东风本田CR-V后轮胎吃胎异常磨损严重,"G245,",2021-02-03,用户评分
570058,宝马（进口）,宝马X7,2021款 xDrive40i 尊享型M运动套装,进口宝马X7座椅出现白色斑痕影响美观,"H169,",2021-02-03,信息审核
570056,一汽-大众,探影,2020款 1.5L 自动 悦,一汽大众探影后视镜无法电动调节,"H110,H211,",2021-02-03,处理反馈
570055,北京现代,途胜,2015款 1.6T   双离合 两驱 智能型,北京现代途胜行驶时排气管异响 不予索赔,"H31,I297,",2021-02-03,处理反馈
570051,特斯拉中国,Model Y,2021款 长续航 全轮驱动版,特斯拉Model Y热泵压缩机损坏空调不制热,"H101,",2021-02-03,信息审核
570050,上汽大众,途铠,2019款 1.5L 自动 舒适版,上汽大众途铠合同订购车型与实际车型不符,"I293,M280,",2021-02-03,处理反馈
570049,东风日产,轩逸,2019款 1.6XV CVT 智联尊享版 国VI,东风日产轩逸加满油汽油箱异响 转向异响,"D59,H147,",2021-02-03,处理反馈
570047,一汽奔腾,奔腾B50,2016款 1.6L 自动 舒适型,一汽奔腾B50车身后轮上方生锈腐烂,"H79,",2021-02-03,处理反馈
570045,一汽-大众,探岳,2020款 330TSI 两驱 豪华智联版,一汽大众探岳冬季颗粒捕捉器堵塞油耗增加,"A85,A114,",2021-02-03,处理反馈
570043,特斯拉中国,Model Y,2021款 长续航 全轮驱动版,特斯拉Model Y空调压缩机故障 与宣传不符,"H101,I295,M279,",2021-02-03,信息审核
570042,东风悦达起亚,智跑,2018款 2.0L 自动 智享豪华版,东风悦达起亚智跑贷款还清后未提供车钥匙,"O354,",2021-02-03,处理反馈
570040,一汽红旗,红旗HS5,2019款 2.0T 智联旗享四驱版,红旗HS5启动后提示废气监控系统故障,"A114,",2021-02-03,信息审核
570038,一汽-大众,探岳,2020款 330TSI 两驱 豪华智联版,一汽大众探岳大灯透镜发白影响照明 油耗高,"A85,H82,",2021-02-03,处理反馈
570037,广汽丰田,雷凌,2021款 185T CVT 运动版,广汽丰田雷凌动力消失希望尽快处理,"A255,",2021-02-03,信息审核
570036,东风小康,东风小康C32,2018款 1.2L 改款 基本型 国V DK12,东风小康C32行驶不到一年出现大梁断裂,"G261,",2021-02-03,用户评分
570034,一汽-大众奥迪,奥迪A3,2019款 Sportback 35 TFSI 进取型 国VI,一汽大众奥迪A3发动机烧机油机油消耗异常,"A63,",2021-02-03,信息审核
570032,上汽大众,途观L,2020款 330TSI 自动 两驱 全景舒适版 国VI,上汽大众途观L低速车身共振 方向跑偏,"G117,H268,H144,",2021-02-03,用户评分
570028,长安福特,翼虎,2018款 EcoBoost 180 两驱 铂翼型,长安福特翼虎车内异味希望尽快处理,"H185,",2021-02-03,处理反馈
570027,东风日产,天籁,2021款 2.0L XL 舒适版,东风日产天籁右转弯时踩油门加速有异响,"G56,",2021-02-03,处理反馈
570026,一汽-大众奥迪,奥迪A3,2016款 Limousine 1.4T 双离合 领英型,一汽大众奥迪A3变速箱机电单元故障,"B115,",2021-02-03,信息审核
570025,一汽-大众奥迪,奥迪A4L,2016款 1.8T 自动 舒适型,一汽大众奥迪A4L行驶时发动机舱发生自燃,"H40,",2021-02-03,信息审核
570023,DS汽车,DS 4S,2016款 1.2T 进取版THP130,长安标致雪铁龙DS 4S正时皮带掉,"A191,A336,",2021-02-03,信息审核
570022,东风标致,标致408,2014款 1.8L 自动 领先版,东风标致408发动机报故障码P0172,"A34,",2021-02-03,处理反馈
570020,一汽-大众,宝来,2018款 1.5L 手动 舒适型,一汽大众宝来锦湖轮胎开裂要求解决,"F100,",2021-02-03,处理反馈
570019,长安福特,翼虎,2013款 1.6T  四驱精英型,福特翼虎加油时汽油箱异响存在质量问题,"H147,",2021-02-03,处理反馈
570016,奇瑞汽车,艾瑞泽5,2016款 1.5L 手动 领跑版,奇瑞艾瑞泽5车身底盘车门转向柱多处生锈,"H79,",2021-02-03,处理反馈
570013,北京现代,菲斯塔,2021款 280TGDi 精英版,北京现代菲斯塔新车中控屏开裂厂家拒赔,"H168,",2021-02-03,处理反馈
570012,江淮汽车,嘉悦X7,2020款 1.5TGDI 自动 自由+,江淮嘉悦X7厂家质保期内拒绝维修发动机,"A34,I297,",2021-02-03,用户评分
570011,吉利汽车,缤越,2020款 PRO 260T DCT Battle,吉利缤越4S店销售承诺未兑现提不到车,"L313,L312,L311,",2021-02-03,用户评分
570005,一汽-大众奥迪,奥迪Q5L,2020款 45 TFSI 尊享时尚型,奥迪Q5L新车车内异响影响正常驾驶,"H164,",2021-02-03,信息审核
570004,奇瑞汽车,艾瑞泽5,2017款 1.5L CVT 领潮版,奇瑞艾瑞泽5前减震器异响反复维修未解决,"G52,J298,",2021-02-03,处理反馈
570002,一汽丰田,皇冠,2015款 2.0T 时尚版,一汽丰田丰田皇冠发动机喷油嘴损坏,"A53,",2021-02-03,信息审核
569999,长安福特,蒙迪欧,2013款 1.5T 自动 GTDi180时尚型,长安福特蒙迪欧三元催化器故障导致报警,"H54,",2021-02-03,处理反馈
569996,东风乘用车,风神A60,2016款 1.6L 自动 豪华型,东风风神A60发动机电脑一直无配件,"N318,",2021-02-03,厂家受理
569995,奇瑞汽车,瑞虎8,2020款 290TGDI 自动 豪华版,奇瑞瑞虎8车身不平整缝隙大制作工艺差,"H209,",2021-02-03,用户评分
569987,长安福特,翼虎,2015款 1.5L GTDi 四驱精英型 5座,长安福特翼虎碳罐堵塞导致油箱有异响,"H271,",2021-02-03,处理反馈
569983,广汽本田,缤智,2015款 1.5L CVT 两驱舒适型,广汽本田缤智天冷发动机启动时VTC异响,"A9,",2021-02-03,处理反馈
569982,东风标致,标致308S,2015款 1.2T 自动 劲驰版,东风标致308S更换正时皮带后烧机油,"A63,",2021-02-03,处理反馈
569979,一汽-大众,迈腾,2019款 330TSI DSG 领先型 国V,一汽大众迈腾变速箱故障无法挂入倒挡,"B20,",2021-02-03,处理反馈
569976,众泰汽车,云100,2014款 云100 舒适型,众泰云100车辆质保期内发生自燃,"H40,",2021-02-03,信息审核
569973,东风标致,标致408,2015款 1.2T 自动 豪华版,东风标致408更换正时皮带后发动机烧机油,"A63,J300,",2021-02-03,处理反馈
569968,广汽丰田,汉兰达,2015款 2.0T 四驱 豪华版 7座,广汽丰田汉兰达经销商保养后发动机拉缸,"A9,A329,",2021-02-03,信息审核
569967,吉利汽车,帝豪GL,2020款 1.4T CVT 豪华型,吉利帝豪GL后备箱无法关闭要求解决,"H68,",2021-02-03,处理反馈
569966,奇瑞汽车,奇瑞E3,2013款 1.5L 智尚型,奇瑞E3车门生锈严重存在质量问题,"H79,",2021-02-03,处理反馈
569965,捷豹,捷豹XJ,2016款 XJL 2.0T 两驱 典雅商务版,捷豹XJ桃木内饰板开裂希望给予解决,"H168,",2021-02-03,处理反馈
569964,东南汽车,东南DX3,2016款 1.5L 手动 豪华型,东南DX3转向异响卡滞行驶方向跑偏,"D59,D123,G117,",2021-02-03,处理反馈
569959,一汽-大众,探岳,2019款 330TSI 两驱 豪华型 国Ⅵ,一汽大众探岳车灯发白不亮 影响夜间使用,"H82,",2021-02-03,处理反馈
569958,广汽丰田,YARiS L 致炫,2020款 1.5L CVT 领先版,广汽丰田致炫中控异响多次维修未解决,"H93,J300,",2021-02-03,信息审核
569956,东风日产,轩逸,2021款 1.6L XL CVT 悦享版,东风日产轩逸新更换的优科豪马轮胎爆胎,"F130,",2021-02-03,处理反馈
569955,广汽丰田,汉兰达,2015款 2.0T 四驱 豪华版 7座,广汽丰田汉兰达发动机缸体损伤要求解决,"A136,",2021-02-03,信息审核
569951,一汽-大众,T-ROC探歌,2020款 280TSI DSG 两驱 舒适型,一汽大众T-ROC探歌电瓶亏电 变速箱漏油,"B22,H146,",2021-02-03,处理反馈
569948,东风日产,天籁,2019款 2.0L XL Upper 智行版,东风日产天籁智连APP无法使用希望厂家处理,"H155,",2021-02-03,处理反馈
569946,东风乘用车,风神A60,2016款 1.6L 自动 豪华型,东风风神A60变速箱无法换挡 空调有异响,"B20,H101,",2021-02-03,厂家受理
569945,特斯拉中国,Model 3,2020款 标准续航 后驱 升级版,特斯拉Model 3动力电池无法充满电,"H340,",2021-02-03,信息审核
569942,一汽丰田,卡罗拉,2021款 1.2T S-CVT 先锋版,一汽丰田卡罗拉发动机异响希望厂家处理,"A9,",2021-02-03,信息审核
569940,奇瑞汽车,瑞虎5,2014款 2.0L 手动 家悦版,奇瑞瑞虎5空调控制面板无法控制 影响使用,"H101,",2021-02-03,处理反馈
569939,东风日产,奇骏,2020款 2.0L XL ITS CVT 2WD 智联舒适版,东风日产奇骏电瓶亏电经常无法启动,"H146,",2021-02-03,处理反馈
569933,长安福特,翼虎,2017款 EcoBoost 180 两驱 豪翼型,长安福特翼虎防冻液渗漏希望厂家处理,"A37,A191,",2021-02-03,处理反馈
569932,一汽-大众,迈腾,2017款 330TSI DSG 豪华型,一汽大众迈腾变速箱顿挫 方向机异响,"A12,B19,D59,H101,H67,H110,",2021-02-03,处理反馈
569931,东风日产,天籁,2021款 2.0L XL 舒适版,东风日产天籁加满油后刹车时油箱异响,"H147,",2021-02-03,处理反馈
569928,一汽-大众,迈腾,2020款 330TSI DSG 豪华型,一汽大众迈腾正常行驶时发动机无故熄火,"A14,",2021-02-03,处理反馈
569926,路虎进口,发现,2020款 3.0 SC V6 SE,进口路虎发现行驶熄火 电路系统瘫痪,"A14,H110,",2021-02-03,处理反馈
569924,上汽大众,朗逸,2018款 1.5L 自动 舒适版 国V,上汽大众朗逸玛吉斯轮胎开裂 电瓶亏电,"E43,F100,H146,",2021-02-03,处理反馈
569923,东风本田,INSPIRE,2019款 锐·混动 2.0L 净尚版 国V,东风本田INSPIRE发动机气门室盖漏油,"A12,",2021-02-03,处理反馈
569920,吉利汽车,远景X6,2020款 1.4T CVT 尊贵型,吉利远景X6手机远程启动功能与宣传不符,"M279,",2021-02-03,处理反馈
569917,华晨宝马,宝马3系,2021款 325Li M运动套装,华晨宝马3系新车被4S店工作人员剐蹭受损,"J299,",2021-02-03,信息审核
569916,东风日产,轩逸,2012款 1.6L XE 自动 舒适版 经典,东风日产轩逸发动机和变速箱异响严重,"A9,B33,",2021-02-03,处理反馈
569915,长安福特,蒙迪欧,2013款 1.5T 自动 GTDi180时尚型,长安福特蒙迪欧节气门进机油希望厂家处理,"A12,",2021-02-03,处理反馈
569914,吉利汽车,帝豪GS,2020款 1.4T CVT 雅,吉利帝豪GS经销商出售问题车底盘有生锈,"H79,",2021-02-03,处理反馈
569912,一汽-大众,探岳,2020款 330TSI 两驱 豪华智联版,一汽大众探岳发动机自动启停失效 油耗翻倍,"A85,H155,H263,",2021-02-03,处理反馈
569909,一汽-大众,速腾,2018款 280TSI DSG熠动版,一汽大众速腾排气管消音器漏气漏水,"H31,I295,",2021-02-03,用户评分
569908,东风标致,标致408,2015款 1.2T 自动 豪华版,东风标致408发动机大修后噪音大 减震器异响,"A38,G52,",2021-02-03,用户评分
569907,BEIJING汽车,BEIJING-EX3,2019款 R600 劲尚版,北汽新能源EX3冬季充不满电 导航错误,"H146,H21,",2021-02-03,处理反馈
569902,吉利汽车,帝豪GS,2020款 1.4T CVT 雅,吉利帝豪GS方向沉重行驶跑偏轮胎吃胎,"D156,G245,G117,",2021-02-03,处理反馈
569900,奇瑞汽车,艾瑞泽5,2017款 1.5T 手动 时尚版 SPORT,奇瑞艾瑞泽5方向盘与车身抖动明显,"D80,H268,",2021-02-03,信息审核
569897,一汽-大众奥迪,奥迪A6L,2020款 40 TFSI 豪华动感型,一汽大众奥迪A6L行驶自动加速存在隐患,"H170,",2021-02-03,信息审核
569895,长安汽车,长安UNI-T,2020款 1.5T 旗舰型,长安UN-T车载麦克风失灵 车机系统无记忆,"H134,H155,",2021-02-03,处理反馈
569891,华晨宝马,宝马5系,2014款 525Li 豪华设计套装,宝马5系油底壳高温时有漏油现象 希望解决,"A12,",2021-02-03,信息审核
569888,长安福特,蒙迪欧,2013款 2.0T 自动 GTDi200时尚型,福特蒙迪欧碳罐和电子阀故障导致汽油箱异响,"H147,H271,Q322,",2021-02-03,处理反馈
569887,一汽丰田,卡罗拉,2021款 1.2T S-CVT 精英版,丰田卡罗拉行驶时变速箱异响刹车异响,"B33,E43,",2021-02-03,信息审核
569886,吉利汽车,吉利ICON,2020款 1.5TD i9 BSG,吉利ICON副驾驶门把手开裂掉皮 方向盘跑偏,"A9,D154,H134,H155,H168,H164,H89,H151,",2021-02-03,处理反馈
569883,领克,领克03,2019款 1.5TD DCT 劲Pro版 国VI,领克03怠速抖动 刹车抖动行驶时车内抖动,"A24,A35,E111,H268,",2021-02-03,处理反馈
569880,广汽丰田,雷凌,2021款 185T CVT 豪华版,广汽丰田雷凌4S店销售赠送加油卡与宣传不符,"L313,M279,",2021-02-02,信息审核
569878,江淮汽车,瑞风Ⅱ,2012款 2.0L 自动 公务版 汽油,江淮瑞风Ⅱ车门机盖车身裙边生锈严重,"H79,",2021-02-02,处理反馈
569876,奇瑞汽车,瑞麒G6,2009款 G6 2.0TCI 自动旗舰型,瑞麒G6电子手刹失灵 前三角臂厂家无配件,"E159,N318,",2021-02-02,处理反馈
569875,奇瑞汽车,艾瑞泽5,2016款 1.5L 手动 领锐版,奇瑞艾瑞泽5轴距不一致行驶跑偏轮胎偏磨,"G245,G117,G225,",2021-02-02,处理反馈
569874,一汽-大众,高尔夫·嘉旅,2016款 1.6L 自动 舒适型,一汽大众高尔夫嘉旅挂挡时变速箱故障报警,"B96,",2021-02-02,处理反馈
569873,一汽丰田,亚洲龙,2021款 2.5L Touring 尊贵SPORT版,一汽丰田亚洲龙行驶颠簸路面天窗异响,"H89,",2021-02-02,信息审核
569866,广汽本田,皓影,2020款 240TURBO CVT 两驱 豪华版,广汽本田皓影发动机机油增多要求解决,"A339,",2021-02-02,处理反馈
569865,一汽-大众,迈腾,2011款 1.4TSI 精英型,一汽大众迈腾变速箱顿挫机电单元故障,"B84,B115,",2021-02-02,处理反馈
569861,一汽-大众,捷达,2015款 1.6L 自动 舒适型,一汽大众捷达发动机点火开关多次损坏,"H240,",2021-02-02,用户评分
569860,北京现代,索纳塔,2020款 270TGDi GLS DCT 精英版,北京现代索纳塔4S店维修后车门异响,"J300,J299,",2021-02-02,处理反馈
569854,上汽大众斯柯达,速派,2019款 TSI330 DSG 舒适版,斯柯达速派方向盘抖动厂家不予解决,"D80,",2021-02-02,用户评分
569853,一汽-大众奥迪,奥迪Q3,2020款 35 TFSI 时尚动感型,一汽大众奥迪Q3新车出现变速箱漏油,"B22,",2021-02-02,信息审核
569852,一汽奔腾,奔腾X40,2019款 1.6L 自动 豪华型 国VI,一汽奔腾X40发动机故障灯亮一直未解决,"A34,",2021-02-02,用户评分
569851,广汽丰田,YARiS L 致享,2017款 1.5E CVT 魅动版,广汽丰田致享行驶中发动机有异响,"A9,",2021-02-02,信息审核
569849,长安福特,探险者,2020款 EcoBoost 285 四驱 钛金版 6座,长安福特探险者4S店出售展车无法启动,"M284,",2021-02-02,用户评分
569847,长城汽车,哈弗H2s,2018款 1.5T 双离合 豪华型 红标,哈弗H2s副驾驶安全气囊线路损坏,"H103,",2021-02-02,处理反馈
569845,一汽奔腾,奔腾T77,2020款 PRO 280 TID 自动 豪华型,一汽奔腾T77倒车有异响 发动机无动力,"A255,E43,",2021-02-02,处理反馈
569844,东风乘用车,风神AX7,2016款 2.0L 手动 智逸型,东风风神AX7转向卡顿有严重异响,"D123,",2021-02-02,用户评分
569842,奇瑞汽车,瑞虎5,2014款 2.0L 手动 家尊版,奇瑞瑞虎5自动分区空调翻板断裂,"H168,",2021-02-02,处理反馈
569839,上汽大众斯柯达,柯迪亚克,2020款 TSI330 两驱 豪华优享版 7座,斯柯达柯迪亚克车身抖动 车内共振,"H268,",2021-02-02,用户评分
569835,一汽-大众,宝来,2021款 1.5L 手动 舒适智联版,一汽大众宝来离合器踏板震动发动机异响,"A9,C87,",2021-02-02,用户评分
569828,长安福特,锐界,2018款 EcoBoost 245 两驱 豪锐型 7座 国VI,长安福特锐界米其林轮胎出现有裂痕,"F100,",2021-02-02,处理反馈
569824,长安福特,福睿斯,2015款 1.5L 自动 时尚型,长安福特福睿斯集雨板缺陷导致漏水,"H109,",2021-02-02,用户评分
569818,BEIJING汽车,绅宝X35,2016款 1.5L 手动 精英版,北汽绅宝X35转向卡滞异响抖动希望处理,"D59,D123,D80,",2021-02-02,处理反馈
569812,众泰汽车,大迈X5,2015款 1.5T CVT 知县型 国V,众泰大迈X5挂D挡无法行驶变速箱故障灯亮,"B96,B334,",2021-02-02,信息审核
569811,东风标致,标致408,2015款 1.2T 自动 豪华版,东风标致408机油泵堵塞导致无法正常行驶,"A34,A336,",2021-02-02,处理反馈
569808,北京现代,胜达,2013款 2.4L 自动 两驱 智能型 GLS,北京现代胜达发动机敲缸异响动力消失,"A9,A255,",2021-02-02,处理反馈
569803,一汽-大众,速腾,2020款 200TSI DSG 舒适型 国VI,一汽大众速腾刹车时前轮异响希望厂家处理,"E43,G125,",2021-02-02,处理反馈
569797,一汽-大众奥迪,奥迪A3,2020款 Limousine 35 TFSI 时尚型 国VI,一汽大众奥迪A3防冻液缺失 发动机烧机油,"A63,A191,",2021-02-02,信息审核
569796,北京奔驰,奔驰GLB,2020款 改款 GLB 200 时尚型,奔驰GLB新车中控屏幕触屏无法使用,"H134,M284,Q322,",2021-02-02,处理反馈
569795,广汽丰田,雷凌,2021款 双擎 1.8H E-CVT 运动版,广汽丰田雷凌仪表台饰板脱胶希望厂家处理,"H168,",2021-02-02,信息审核
569793,东风本田,本田CR-V,2019款 锐·混动 2.0L 两驱 净速版 国VI,东风本田CR-V机油增多乳化厂家消极处理,"A339,A13,",2021-02-02,处理反馈
569792,长城汽车,哈弗H7,2019款 2.0T 悦享型 国V,哈弗H7发动机烧机油4S店不作任何处理,"A63,",2021-02-02,处理反馈
569790,东风日产,逍客,2021款 2.0L CVT 智享版,东风日产逍客购车缴纳定金经销商未退还,"K309,",2021-02-02,处理反馈
569789,路虎进口,揽胜星脉,2020款 P250 R-DYNAMIC S,路虎揽胜星脉行驶时车身异响干扰正常驾驶,"H15,",2021-02-02,处理反馈
569788,东风悦达起亚,起亚K3,2019款 1.5L CVT 智享互联版,东风悦达起亚K3远近光灯光线发散 车灯不亮,"H82,",2021-02-02,处理反馈
569787,一汽-大众奥迪,奥迪A4L,2017款 2.0T 双离合 进取型 Plus,一汽大众奥迪A4L发动机漏油要求质保,"A12,",2021-02-02,信息审核
569785,东风悦达起亚,智跑,2019款 2.0L 自动 智享豪华版,东风悦达起亚智跑4S店拒绝提供质保,"L314,",2021-02-02,处理反馈
569783,长安福特,翼虎,2017款 EcoBoost 180 两驱 虎跃型,福特翼虎节气门故障导致发动机漏油,"A12,",2021-02-02,处理反馈
569781,一汽-大众,迈腾,2020款 380TSI DSG 豪华型,一汽大众迈腾Carplay无法连接影响使用,"H155,",2021-02-02,处理反馈
569780,梅赛德斯-AMG,奔驰GLE AMG,2020款 AMG GLE 53 4MATIC+,奔驰GLE AMG左前减震器异响 配件未到货,"G52,N318,",2021-02-02,信息审核
569774,长城汽车,哈弗H2,2017款 1.5T 手动 两驱豪华型 红标,哈弗H2方向机异响 要求免费更换,"D59,D265,",2021-02-02,处理反馈
569773,广汽本田,缤智,2020款 1.5L CVT 精英版,广汽本田缤智高速行驶胎压监测误报警,"H203,",2021-02-02,处理反馈
569771,江淮汽车,嘉悦A5,2020款 1.5T 手动 精英型,江淮嘉悦A5车灯进水影响正常照明,"H88,",2021-02-02,处理反馈
569767,一汽-大众,探岳,2019款 330TSI 两驱 豪华型 国V,一汽大众探岳变速箱顿挫大灯发白亮度不足,"B19,H82,",2021-02-02,处理反馈
569766,东风日产,天籁,2013款 2.0L XL 舒适版,东风日产天籁发动机烧机油 车内异味,"A63,H185,",2021-02-02,处理反馈
569765,长安福特,蒙迪欧,2020款 EcoBoost 180 时尚型,长安福特蒙迪欧米其林轮胎有开裂现象,"F100,",2021-02-02,用户评分
569764,东风标致,标致207,2011款 1.4 手动 驭乐版 三厢,东风标致207后桥变形 4S店检测收费,"G83,K307,",2021-02-02,处理反馈
569762,广汽本田,雅阁,2021款 260TURBO 豪华·星空限量版,广汽本田雅阁售后事故维修无配件提供,"N318,",2021-02-02,处理反馈
569760,东风悦达起亚,凯绅,2017款 1.6T GLS,东风悦达起亚凯绅漆面开裂 大灯起雾,"H81,H88,",2021-02-02,处理反馈
569759,奇瑞汽车,瑞虎7,2020款 1.5T CVT 豪华型,奇瑞瑞虎7电瓶故障车辆无法启动,"H146,",2021-02-02,处理反馈
569754,北京现代,伊兰特,2021款 1.5L LUX 尊贵版,北京现代伊兰特售后事故维修导致玻璃受损,"J299,",2021-02-02,处理反馈
569753,北京现代,途胜,2015款 1.6T   双离合 两驱 智能型,北京现代途胜变速箱跳挡顿挫异响要求解决,"B33,B19,B27,",2021-02-02,处理反馈
569752,东风标致,标致308,2014款 乐享版 经典 1.6L 手动 优尚型,东风标致308方向盘上下晃动存在质量问题,"D80,D337,",2021-02-02,处理反馈
569751,东风本田,INSPIRE,2019款 260TURBO 精致版 国VI,东风本田INSPIRE方向盘左右力度不一致,"D156,",2021-02-02,厂家受理
569750,江淮汽车,嘉悦X4,2020款 1.5T 手动 超越型,江淮嘉悦X4新车一个月三次更换汽油泵,"H78,",2021-02-02,处理反馈
569748,东风标致,标致408,2014款 1.8L 自动 豪华版,东风标致408发动机烧机油严重影响使用,"A63,",2021-02-02,处理反馈
569743,一汽-大众,迈腾,2017款 330TSI DSG 豪华型,一汽大众迈腾变速箱处于紧急运行模式,"B84,B115,",2021-02-02,处理反馈
569740,福田汽车,欧马可,2007款 欧马可N BJ1049V8AD6-3,福田欧马可动力电池故障希望尽快处理,"H343,",2021-02-02,信息审核
569736,广汽本田,飞度,2014款 1.5L CVT LX舒适型,广汽本田飞度冷车启动困难希望处理,"A44,",2021-02-02,处理反馈
569735,江西五十铃,瑞迈,2020款 2.8T 经典 四驱 柴油 国VI 舒适型 加长版 JE493ZLQ6E,五十铃瑞迈经销商维修后刹车变硬希望解决,"E333,J300,",2021-02-02,信息审核
569730,一汽马自达,马自达CX-4,2018款 2.0L 自动 两驱 蓝天活力版 国VI,一汽马自达CX-4保险杠大灯处开裂严重,"H168,",2021-02-02,信息审核
569728,东风本田,本田CR-V,2021款 240TURBO CVT 两驱 都市版,东风本田CR-V机油增多中控台异响严重,"A339,H93,",2021-02-02,用户评分
569726,长安马自达,马自达3 昂克赛拉,2020款 2.0L 自动 质雅版,长安马自达昂克赛拉变速箱异响希望处理,"B33,",2021-02-02,用户评分
569723,东风日产,天籁,2020款 2.0T XL Upper AD1 智享领航版,日产天籁智联APP未显示车状态 与宣传不符,"M279,",2021-02-02,处理反馈
569721,东风日产,奇骏,2021款 2.5L XL ITS CVT 4WD 豪华纪念版,东风日产奇骏新车发动机与变速箱连接处漏油,"A12,B22,",2021-02-02,用户评分
569720,吉利汽车,远景X6,2020款 1.4T CVT 尊贵型,吉利远景刹车真空泵故障踏板踩不动,"E196,",2021-02-02,处理反馈
569718,东风雪铁龙,雪铁龙C4L,2015款 1.8L 自动 尊贵版,东风雪铁龙C4L发动机烧机油存在质量问题,"A63,",2021-02-02,处理反馈
569716,广汽三菱,奕歌,2018款 1.5T CVT 两驱 无畏版,广汽三菱奕歌保养券无法使用希望处理,"L313,",2021-02-02,厂家受理
569715,北京现代,北京现代ix25,2017款 1.6L 自动 智能型,北京现代ix25售后未解决发动机延迟启动,"A44,I295,",2021-02-02,处理反馈
569712,上汽大众斯柯达,昊锐,2012款 1.8TSI 手动 优雅版,上汽大众斯柯达昊锐车内有异味影响健康,"H185,",2021-02-02,处理反馈
569710,奇瑞汽车,艾瑞泽EX,2019款 1.5L 手动 青春版 国V,奇瑞艾瑞泽EX保养时维修人员将机油拿走,"I293,L314,",2021-02-02,用户评分
569708,北京奔驰,奔驰E级,2020款 改款 E 260 L,北京奔驰E级车辆内饰装饰木纹开裂,"H168,",2021-02-02,处理反馈
569706,东风雪铁龙,雪铁龙C4L,2013款 1.6THP 自动 劲智版,东风雪铁龙C4L发动机漏油 高压油泵故障,"A12,H78,",2021-02-02,处理反馈
569702,一汽-大众,宝来,2015款 1.6L 手动 舒适型 质惠版,一汽大众宝来车身生锈 发动机异响漏油,"A9,A12,B20,G204,H79,H209,",2021-02-02,处理反馈
569699,上汽集团,锐腾,2016款 2.0TGI TST 豪华版,上汽名爵锐腾变速箱异响维修后没有解决,"B33,",2021-02-02,处理反馈
569697,一汽-大众奥迪,奥迪Q5L,2020款 45 TFSI 尊享时尚型,一汽大众奥迪Q5L变速箱挂挡窜动 车内异响,"B19,H164,",2021-02-02,信息审核
569694,林肯（进口）,林肯MKZ,2018款 2.0T 尊悦版,林肯MKZ中控黑屏无法使用希望处理,"H134,",2021-02-02,信息审核
569693,一汽-大众奥迪,奥迪A4L,2017款 2.0T 双离合 风尚型,一汽大众奥迪A4L水泵漏水要求解决,"A37,",2021-02-02,信息审核
569690,吉利汽车,缤越,2019款 260T DCT 骑士 国VI,吉利缤越低转速再加速时方向盘抖动,"D80,",2021-02-02,用户评分
569688,北京现代,北京现代ix35,2013款 2.0L 自动 两驱 智能型GLS 国IV,北京现代ix35发动机有严重拉缸现象,"A329,",2021-02-02,处理反馈
569686,一汽-大众,迈腾,2017款 330TSI DSG 豪华型,一汽大众迈腾变速箱紧急运行故障,"B96,",2021-02-02,处理反馈
569679,一汽-大众,探岳X,2020款 330TSI 两驱 尊贵智联版,一汽大众探岳X轮毂断裂要求尽快处理,"H168,H243,",2021-02-02,信息审核
569678,广汽本田,飞度,2014款 1.5L CVT LX舒适型,广汽本田飞度车身生锈 底盘生锈,"H79,",2021-02-02,处理反馈
569677,东风日产,逍客,2017款 2.0L CVT 智享版 国V,东风日产逍客车身方向盘共振抖动厂家不解决,"D80,H268,",2021-02-02,处理反馈
569676,东风雪铁龙,雪铁龙C4L,2013款 1.6THP 自动 劲智版,雪铁龙C4L发动机机油异常损耗 机油报警,"A34,A63,",2021-02-02,厂家受理
569672,雷克萨斯,雷克萨斯RX,2016款 200t 两驱精英版,雷克萨斯RX下摆臂胶套漏油开裂存在质量问题,"G210,G161,",2021-02-02,厂家受理
569669,一汽-大众奥迪,奥迪Q5,2017款 Plus 40 TFSI 技术型,一汽大众奥迪Q5天窗异响希望尽快处理,"H89,",2021-02-02,信息审核
569668,上汽集团,名爵5,2021款 180DVVT CVT 青春豪华版,上汽名爵5正常行驶下车子连续强窜动,"B19,",2021-02-02,处理反馈
569663,广汽丰田,YARiS L 致享,2017款 1.5E CVT 魅动版,广汽丰田致享起步时发动机异响明显,"A9,",2021-02-02,信息审核
569662,比亚迪,比亚迪G5,2014款 1.5TID 自动 旗舰型,比亚迪G5车内异味 方向盘沉重 车内异响,"B33,D156,H185,H164,",2021-02-02,用户评分
569660,广汽本田,雅阁,2018款 260TURBO 精英版 国VI,广汽本田雅阁中控与遮阳板异响希望处理,"H93,H164,",2021-02-02,处理反馈
569659,一汽丰田,亚洲龙,2019款 双擎 2.5L XLE 尊贵版 国Ⅵ,一汽丰田亚洲龙机油增多存在有质量问题,"A339,",2021-02-02,信息审核
569656,一汽-大众奥迪,奥迪A4L,2019款 40 TFSI 时尚型 国VI,一汽大众奥迪A4L发动机转向制动变速箱报警,"A9,A34,B96,D291,E62,",2021-02-02,信息审核
569655,东风日产,奇骏,2019款 2.0L CVT 舒适版 5座 2WD,东风日产奇骏行驶时车载蓝牙卡顿声音模糊,"H155,",2021-02-02,处理反馈
569651,沃尔沃（进口）,沃尔沃XC90,2021款 B6 智雅豪华版 7座,沃尔沃XC90行驶发动机动力消失无法启动,"A44,A255,J301,",2021-02-02,信息审核
569650,广汽本田,雅阁,2018款 260TURBO 豪华版 国VI,广汽本田雅阁转向卡滞更新系统无法解决,"D123,D156,O348,",2021-02-02,处理反馈
569647,一汽-大众,速腾,2014款 1.4TSI 自动 豪华型,一汽大众速腾变速箱机电单元故障,"B115,",2021-02-02,用户评分
569646,东风日产,天籁,2021款 2.0L XL Upper AD1 智行领航版,东风日产天籁加满油后油箱有异响,"H147,",2021-02-02,处理反馈
569644,广汽本田,飞度,2014款 1.5L CVT SE时尚型,广汽本田飞度发动机冷车启动异响,"A9,",2021-02-02,处理反馈
569641,长安马自达,马自达CX-5,2020款 改款 2.0L 自动 两驱 智慧型,长安马自达CX-5行驶时跑偏车内各种异响,"G117,H164,",2021-02-02,处理反馈
569638,北京奔驰,奔驰A级,2020款 改款 A 180 L,北京奔驰A级发动机熄火 故障灯全亮,"A34,A14,",2021-02-02,处理反馈
569637,Jeep（进口）,大切诺基（进口）,2014款 3.6L 精英导航版 5座,进口Jeep大切诺基定期更换机油后出现异响,"J300,",2021-02-02,厂家受理
569636,一汽-大众捷达,捷达VS5,2019款 280TSI 自动 悦享型,一汽大众捷达VS5全景影像漏电导致电瓶亏电,"N317,",2021-02-02,处理反馈
569635,东风日产,楼兰,2019款 2.5 S/C HEV XE 四驱 混动 智联尊尚版 国V,东风日产楼兰后车轮吃胎无法修复,"G245,",2021-02-02,处理反馈
569633,北京现代,途胜,2019款 280TGDi 双离合 两驱 时尚版 国VI,北京现代途胜更换变速箱总成要求给予赔偿,"B77,B27,L310,",2021-02-02,处理反馈
569632,一汽-大众,速腾,2019款 280TSI DSG 舒适型 国VI,大众速腾4S店维修技术差 发动机异响漏油,"A9,A12,A44,B95,B69,J298,J303,",2021-02-02,用户评分
569630,一汽奔腾,奔腾X40,2019款 1.6L 自动 豪华型 国VI,一汽奔腾X40发动机故障灯亮要求免费维修,"A34,A136,",2021-02-02,处理反馈
569629,广汽丰田,凯美瑞,2019款 2.0G 豪华版 国VI,广汽丰田凯美瑞车门防撞梁生锈 天窗异响 ,"H79,H89,I295,",2021-02-02,信息审核
569625,北京现代,名图,2019款 1.8L 自动 智能型GLS 纪念款 国VI,北京现代名图后视镜折叠故障车内异响,"H164,H211,",2021-02-02,处理反馈
569624,一汽-大众奥迪,奥迪Q5L,2020款 改款 40 TFSI 荣享时尚型,一汽大众奥迪Q5L后排座椅下部网关进水,"H109,Q322,",2021-02-02,信息审核
569623,长安福特,蒙迪欧新能源,2018款 2.0 PHEV 智尊旗舰型,长安福特蒙迪欧新能源索赔方向盘材质差,"N317,",2021-02-02,用户评分
569620,一汽-大众奥迪,奥迪Q5L,2020款 45 TFSI 尊享时尚型,一汽大众奥迪Q5L启动时变速箱挂挡不走,"B334,",2021-02-02,信息审核
569619,一汽-大众,迈腾,2017款 330TSI DSG 豪华型,大众迈腾变速箱机电单元故障 无法换挡,"B20,B96,B115,",2021-02-02,用户评分
569618,广汽本田,飞度,2018款 1.5L 手动 舒适版,广汽本田飞度冷启动VTEC执行器异响,"A9,",2021-02-02,处理反馈
569617,上汽大众,朗逸,2018款 1.5L 自动 舒适版 经典 国VI,上汽大众朗逸电瓶亏电厂家未给出解决方案,"H146,",2021-02-02,处理反馈
569616,华晨中华,中华V7,2018款 280T DCT 豪华型 5座,华晨中华V7发动机烧机油希望尽快处理,"A63,",2021-02-02,信息审核
569614,上汽大众,途昂,2020款 380TSI 四驱 豪华版 国V,上汽大众途昂发动机熄火 底盘异响,"A14,G56,",2021-02-02,处理反馈
569613,东南汽车,V3菱悦,2008款 1.5 手动 豪华版,东南V3菱悦手刹缺陷厂家未召回处理,"E159,L314,",2021-02-02,处理反馈
569612,长安福特,翼虎,2013款 2.0T 四驱尊贵型,长安福特翼虎油箱有缺陷导致加不满油,"H271,Q322,",2021-02-02,用户评分
569611,吉利汽车,帝豪GS,2018款 1.8L 自动 优雅版 领尚型,吉利帝豪GS变速箱异响 坡道起步动力消失,"A255,B33,",2021-02-02,处理反馈
569608,广汽丰田,YARiS L 致享,2017款 1.5E CVT 魅动版,广汽丰田致享冷车启动异响 变速箱行驶异响,"A9,B33,",2021-02-02,信息审核
569606,长城汽车,哈弗H2,2016款 1.5T 手动 两驱精英型,哈弗H2打方向沉重  方向盘抖动 车辆异响,"D80,D156,G117,H15,",2021-02-02,处理反馈
569604,东风本田,INSPIRE,2019款 260TURBO 精致版 国VI,东风本田INSPIRE中控台异响售后服务态度差,"H93,I293,",2021-02-02,处理反馈
569600,一汽-大众,探岳,2020款 330TSI 两驱 豪华智联版,一汽大众探岳发动机油耗升高 自动启停失效,"A85,H263,",2021-02-02,处理反馈
569599,上汽大众,凌渡,2019款 280TSI DSG 舒适版 国V,上汽大众凌渡经销商出售库存车要求处理,"M283,",2021-02-02,用户评分
569595,长城汽车,哈弗M6,2018款 1.5T DCT 两驱 精英型,哈弗M6车身出现生锈厂家不处理问题,"H79,",2021-02-02,处理反馈
569594,江铃集团新能源,江铃E200L,2017款 E200P 标准版,江铃新能源E200L充电机故障无配件维修,"H340,N318,",2021-02-02,用户评分
569593,奇瑞汽车,瑞虎8 PLUS,2021款 290TGDI DCT 豪享版,奇瑞瑞虎8PLUS智云系统故障置换补贴未兑现,"H155,H119,L313,",2021-02-02,处理反馈
569590,一汽丰田,卡罗拉,2019款 1.2T S-CVT GL-i精英版,一汽丰田卡罗拉电瓶亏电 变速器顿挫异响,"B33,B19,H146,",2021-02-02,信息审核
569581,一汽丰田,RAV4荣放,2016款 2.0L CVT 两驱 风尚版 国V,一汽丰田RAV4荣放后尾灯灯罩开裂进水,"H88,H220,I295,",2021-02-02,信息审核
569579,广汽本田,飞度,2014款 1.5L CVT LX舒适型,广汽本田飞度发动机启动困难起动机故障,"A44,",2021-02-02,处理反馈
569577,东风日产,逍客,2017款 2.0L CVT 智享版 国V,东风日产逍客变速箱阀体故障无法加速,"B334,B84,",2021-02-02,用户评分
569576,一汽-大众,高尔夫,2016款 1.6L  自动 舒适型,一汽大众高尔夫变速器微动开关故障报警,"B96,B184,",2021-02-02,处理反馈
569575,东风标致,标致207,2010款 1.4L 手动 ETEC 驭乐版 三厢,东风标致207左后轮倾斜行驶抖动异响,"E269,E239,G125,G162,",2021-02-02,处理反馈
569573,奇瑞汽车,捷途X70 PLUS,2021款 1.5T 手动 林 5座,捷途X70 PLUS大灯不亮 360影像模糊,"H134,H82,",2021-02-02,处理反馈
569572,一汽奔腾,奔腾B30,2016款 1.6L 自动 豪华型,一汽奔腾B30转向卡滞厂家不予索赔,"D123,I297,",2021-02-01,处理反馈
569571,奇瑞汽车,捷途X90,2020款 1.6T DCT 影御版 5座,捷途X90车辆置换补贴未兑现希望处理,"L313,",2021-02-01,用户评分
569567,上汽大众斯柯达,柯珞克,2019款 TSI280 智行豪华版 国V,斯柯达柯珞克购车置换补贴厂家一直不提供,"L313,",2021-02-01,处理反馈
569566,上汽大众斯柯达,速派,2016款 TSI330 DSG 智行版,斯柯达速派变速箱机电控制单元有质量问题,"B84,B115,",2021-02-01,处理反馈
569564,东风日产,天籁,2020款 2.0T XL Upper AD1 智享领航版,东风日产天籁互联功能无法使用 油箱异响,"H155,H147,",2021-02-01,处理反馈
569562,吉利新能源,帝豪GSe,2018款 臻尚型,吉利帝豪GSe方向机异响 充电机慢充故障,"D59,D265,H340,",2021-02-01,用户评分
569561,广汽丰田,凯美瑞,2019款 2.0G 豪华版 国VI,广汽丰田凯美瑞普利司通轮胎爆胎,"F130,",2021-02-01,信息审核
569558,广汽丰田,雷凌,2021款 185T CVT 豪华版,广汽丰田雷凌变速箱顿挫异响发动机缸盖腐蚀,"A136,B33,B19,",2021-02-01,信息审核
569556,北京奔驰,奔驰GLC,2018款 GLC 200 4MATIC 改款,奔驰GLC低速行驶和倒车时踩刹车异响,"E43,",2021-02-01,厂家受理
569555,一汽-大众,宝来,2018款 1.5L 自动 舒适型,一汽大众宝来倒车时刹车异响希望厂家处理,"E43,",2021-02-01,处理反馈
569553,长安汽车,逸动,2020款 PLUS 1.6L GDI 手动 精英型,长安逸动行驶时挡位失灵 无法换挡,"B20,",2021-02-01,处理反馈
569552,东风本田,INSPIRE,2019款 260TURBO 精致版 国VI,东风本田INSPIRE刹车抖动 后轮吃胎偏磨,"E111,G245,",2021-02-01,处理反馈
569550,猎豹汽车,猎豹CS9,2017款 1.5L CVT 风尚型,猎豹CS9行驶时水箱温度高 冷却系统故障,"A191,",2021-02-01,信息审核
569548,东南汽车,东南DX5,2021款 1.5T CVT 尊贵型,东南DX54S店销售库存车要求办理退车,"M283,",2021-02-01,处理反馈
569547,一汽-大众,捷达,2012款 1.6 手动 典藏版,一汽大众捷达全车车身生锈 车体腐烂,"H79,",2021-02-01,处理反馈
569543,长安汽车,长安CS55,2018款 1.5T 自动 炫色型 国V,长安CS55发动机抖动 缸压不足 加速无力,"A24,A178,",2021-02-01,用户评分
569539,观致汽车,观致5,2019款 观致5S 1.6T GDI 尊贵型,观致5前后轮磨损严重厂家拖延不处理,"G245,",2021-02-01,信息审核
569536,东风标致,标致408,2015款 1.2T 自动 豪华版,东风标致408大修发动机后烧机油,"A63,",2021-02-01,厂家受理
569535,广汽本田,飞度,2014款 1.5L CVT LX舒适型,广汽本田飞度发动机冬天启动异响,"A9,",2021-02-01,处理反馈
569533,上汽大众斯柯达,速派,2018款 TSI330 DSG 舒适版 国V,斯柯达速派怠速抖动多次维修未解决,"A24,J298,",2021-02-01,处理反馈
569531,长安汽车,长安CS55,2017款 1.5T 自动 炫色型,长安CS55优科豪马轮胎有起皮掉块的现象,"F186,",2021-02-01,处理反馈
569529,东风日产,骐达TIIDA,2016款 1.6L CVT 智行版,东风日产骐达发动机爆震车内抖动维修未解决,"A9,A18,H268,",2021-02-01,处理反馈
569520,东风日产,轩逸,2020款 改款 1.6L XE CVT 舒享版,东风日产轩逸发动机渗油希望厂家处理问题,"A12,",2021-02-01,处理反馈
569519,小鹏汽车,小鹏汽车P7,2020款 后驱 超长续航 智尊版,小鹏P7雷达传感器故障导致不能使用,"H289,",2021-02-01,信息审核
569518,一汽-大众,迈腾,2018款 330TSI DSG 豪华型,一汽大众迈腾变速箱机电单元故障 刹车抖动,"B115,E111,",2021-02-01,处理反馈
569515,一汽-大众,探岳,2019款 330TSI 两驱 豪华型 国Ⅵ,一汽大众探岳加速变速箱抖动异响希望处理,"B33,B95,",2021-02-01,处理反馈
569514,东风日产,逍客,2017款 2.0L CVT 智享版 国V,东风日产逍客变速箱和发动机连接处漏油,"A12,B22,",2021-02-01,用户评分
569513,长安福特,蒙迪欧,2013款 1.5T 自动 GTDi180时尚型,长安福特蒙迪欧三元催化器反复故障希望处理,"H54,",2021-02-01,处理反馈
569512,东风日产,轩逸,2019款 1.6XV CVT 智联尊享版 国VI,东风日产轩逸低速轻踩油门变速箱异响,"B33,",2021-02-01,处理反馈
569507,一汽-大众,探岳,2019款 330TSI 两驱 豪华型 国Ⅵ,大众探岳车内装饰条异响 玻璃异响,"H72,H164,",2021-02-01,处理反馈
569504,北京现代,途胜,2015款 1.6T   双离合 两驱 智能型,现代途胜行驶时车辆抖动 发动机故障灯亮,"A24,A34,",2021-02-01,处理反馈
569503,广汽丰田,雷凌,2021款 185T CVT 运动版,广汽丰田雷凌后保险杠左后轮毂无配件,"I282,N318,",2021-02-01,信息审核
569496,上汽大众,辉昂,2021款 380TSI 豪华版,大众辉昂雨刮器异响 冷车起步异响,"B33,E43,H15,H60,",2021-02-01,处理反馈
569490,一汽-大众,宝来,2021款 1.5L 自动 精英智联版,一汽大众宝来新车故障灯亮 大灯不亮,"A34,H82,I295,",2021-02-01,处理反馈
569489,东风日产,天籁,2019款 2.0L XL Upper 智行版,东风日产天籁智联app无法使用 与宣传不符,"H155,M279,",2021-02-01,处理反馈
569486,一汽丰田,卡罗拉,2014款 1.6L CVT GL-i,一汽丰田卡罗拉变速箱阀体故障 故障灯亮,"B96,B115,",2021-02-01,信息审核
569482,北京现代,悦纳,2016款 1.4L 手动 炫酷版 GLS,现代悦纳曲轴螺丝断裂 皮带轮飞落 漏密封油,"A12,A129,",2021-02-01,用户评分
569481,吉利汽车,嘉际,2019款 1.8TD 自动 舒享型,吉利嘉际4S店未按时返还旅游基金,"L313,",2021-02-01,用户评分
569479,东风本田,本田CR-V,2021款 锐·混动 2.0L 两驱 净速版,本田CR-V行驶时变速箱漏油 报故障码,"B22,B96,",2021-02-01,处理反馈
569476,东风日产,轩逸,2020款 改款 1.6L XL CVT 悦享版,东风日产轩逸行驶时转向晃动 刹车异响,"D337,E43,",2021-02-01,处理反馈
569474,一汽丰田,卡罗拉,2017款 1.2T S-CVT GL-i 改款,一汽丰田卡罗拉中控台开裂更换未解决,"H176,",2021-02-01,信息审核
569473,奇瑞汽车,艾瑞泽5,2017款 1.5L 手动 豪华版,奇瑞艾瑞泽5智能车机系统无法使用,"H155,",2021-02-01,厂家受理
569469,北京奔驰,奔驰E级,2019款 E 300 L 时尚型,北京奔驰E级召回更换转向机回位严重不正,"D154,",2021-02-01,处理反馈
569465,东风雪铁龙,雪铁龙C4L,2014款 1.6THP 自动 车载互联劲智型,东风雪铁龙C4L发动机动力消失报警抖动,"A12,A24,A34,A255,",2021-02-01,处理反馈
569463,东风本田,本田CR-V,2019款 240TURBO CVT 两驱 风尚版 国VI,东风本田CR-V发动机机油增多请厂家解决,"A339,",2021-02-01,处理反馈
569461,一汽-大众,探岳,2019款 330TSI 两驱 豪华型 国Ⅵ,一汽大众探岳大灯发白影响夜晚驾驶,"H82,",2021-02-01,处理反馈
569460,东风日产,天籁,2020款 改款 2.0L XL 舒适版,东风日产天籁汽油箱异响一直推诿未处理,"H147,I295,I281,",2021-02-01,处理反馈
569459,捷豹,捷豹F-PACE,2020款 2.0T 赛旗版,捷豹F-PACE前杠掉漆 水箱框架开裂,"H81,H168,M284,",2021-02-01,用户评分
569457,长安汽车,长安CS35,2017款 1.6L 自动 豪华型,长安CS35车辆行驶时突然出现自燃,"H40,",2021-02-01,处理反馈
569455,吉利汽车,远景X6,2016款 1.8L 手动 豪华型,吉利远景X6座椅生锈 转向十字轴生锈,"H79,",2021-02-01,处理反馈
569454,东风雪铁龙,C4世嘉,2016款 1.6L 手动 豪华型,东风雪铁龙C4世嘉转向柱轴承损坏方向盘晃动,"D337,",2021-02-01,处理反馈
569453,奇瑞汽车,捷途X90,2020款 1.5T DCT 影智版 5座,捷途X90右后门变形导致玻璃升降受阻,"H209,",2021-02-01,处理反馈
569449,广汽丰田,雷凌,2017款 1.8H GS CVT 精英天窗版 国VI 改款 双擎,广汽丰田雷凌变速箱异响经销商不予索赔,"B33,I297,",2021-02-01,信息审核
569447,沃尔沃亚太,沃尔沃S90,2021款 B5 智远豪华版,亚太沃尔沃S90蓄电池充电系统故障,"H340,",2021-02-01,信息审核
569445,上汽大众,途观L,2021款 330TSI 自动 两驱 R-Line越享版,上汽大众途观L自动启停失灵发动机油耗高,"A85,B33,D80,H263,",2021-02-01,处理反馈
569444,江淮汽车,瑞风M3,2018款 1.6L 速运版 7座,江淮瑞风M3发动机活塞断裂顶缸希望处理,"A136,",2021-02-01,用户评分
569437,一汽奔腾,奔腾B30,2016款 1.6L 自动 十周年纪念版,一汽奔腾B30车速在60迈左右时方向卡滞,"D123,",2021-02-01,处理反馈
569434,一汽丰田,RAV4荣放,2016款 2.0L CVT 两驱 智尚版 国V,一汽丰田RAV4荣放前雾灯不亮希望给予解决,"H82,",2021-02-01,信息审核
569433,BEIJING汽车,BEIJING-EU5,2020款 R500 智风版,BEIJING-EU5动力电池故障希望尽快处理,"H343,",2021-02-01,用户评分
569428,理想,理想ONE,2020款 增程6座版,理想ONE销售宣传续航里程与实际不符,"M279,",2021-02-01,信息审核
569426,一汽丰田,RAV4荣放,2016款 2.0L CVT 两驱 都市版 国V,一汽丰田RAV4荣放车身生锈 漆面起泡,"H79,H81,",2021-02-01,信息审核
569424,东风标致,标致408,2016款 1.6T 自动 豪华版,东风标致408电源管理模块故障要求免费维修,"H146,",2021-02-01,用户评分
569420,东风日产,轩逸,2021款 经典 1.6 XE 手动 舒适版,东风日产轩逸变速箱异响希望厂家处理,"B33,",2021-02-01,用户评分
569419,北京奔驰,奔驰GLC,2021款 GLC 300 L 4MATIC 动感型,北京奔驰GLC发动机启停功能故障 刹车抖动,"E43,E111,H263,",2021-02-01,处理反馈
569418,奇瑞汽车,瑞虎8,2019款 1.6TGDI 自动 时尚型,奇瑞瑞虎8行驶过程中发动机突然熄火,"A14,",2021-02-01,用户评分
569416,东风本田,INSPIRE,2019款 锐·混动 2.0L 净越版 国V,东风本田INSPIRE智导互联系统不更新,"H21,O348,",2021-02-01,用户评分
569415,广汽本田,雅阁,2018款 260TURBO 精英版 国V,广汽本田雅阁后轮吃胎偏磨希望处理,"G245,",2021-02-01,处理反馈
569414,广汽菲克菲亚特,致悦,2014款 1.4T 自动 舒适型,菲亚特致悦行驶时变速箱失去动力,"B334,",2021-02-01,厂家受理
569407,上汽大众斯柯达,柯迪亚克,2018款 TSI330 两驱 舒适版 5座,斯柯达柯迪亚克变速箱故障报警 无法加速,"B20,B96,B334,",2021-02-01,用户评分
569405,东风日产,骐达TIIDA,2020款 1.6L CVT 智行版,日产骐达售后维修技术差导致故障加重,"H147,J303,",2021-02-01,用户评分
569398,吉利汽车,帝豪GL,2018款 1.8L 自动 精英智联型,吉利帝豪GL变速器漏油经销商不解决问题,"B22,I295,",2021-02-01,用户评分
569396,一汽丰田,卡罗拉,2016款 1.6L CVT  GL-i炫酷版,一汽丰田卡罗拉4S店以原厂名义换副厂配件,"N319,",2021-02-01,信息审核
569392,东风风行,景逸X5,2017款 1.6L 手动 豪华型,东风风行景逸X5离合器异响 发动机异响,"A9,C65,",2021-02-01,用户评分
569391,广汽本田,飞度,2014款 1.5L CVT SE时尚型,广汽本田飞度起动发动机时存在打齿异响,"A9,",2021-02-01,处理反馈
569390,广汽丰田,凯美瑞,2015款 2.0G 自动 领先版,广汽丰田凯美瑞左右半轴防尘套漏油,"G161,",2021-02-01,信息审核
569389,华晨宝马,宝马3系,2016款 320Li 豪华设计套装,华晨宝马3系方向盘喇叭及功能键经常失灵	,"H151,H71,",2021-02-01,厂家受理
569388,东风标致,标致408,2015款 1.2T 自动 豪华版,东风标致408发动机报警 加速无力,"A34,A163,",2021-02-01,处理反馈
569387,北京现代,名图,2019款 1.8L 自动 智能型GLS 纪念款 国VI,北京现代名图司机座椅塌陷要求解决,"H169,",2021-02-01,用户评分
569384,吉利汽车,缤瑞,2018款 200T DCT 缤耀版,吉利缤瑞更换使用非原厂配件 无维修记录,"J299,N319,",2021-02-01,处理反馈
569382,一汽丰田,卡罗拉,2019款 1.2T S-CVT GL-i精英版,丰田卡罗拉首保后变速箱顿挫异响加剧,"B33,B19,",2021-02-01,信息审核
569379,一汽-大众,宝来,2019款 改款 280TSI DSG 精英型 国VI,一汽大众宝来涡轮增压有油污 发动机缺机油,"A12,A189,",2021-02-01,用户评分
569378,东风风行,菱智M5EV,2020款 舒适型 7座,东风风行菱智M5EV多次熄火4S店找不到原因,"A14,J301,",2021-02-01,处理反馈
569376,猎豹汽车,Mattu,2020款 1.6T DCT 尊贵型,猎豹Mattu发动机故障 变速箱无动力输出,"A34,B246,H134,",2021-02-01,信息审核
569374,北京现代,伊兰特,2021款 240TGDi TOP 旗舰版,北京现代伊兰特交款之后厂家不发车,"L312,",2021-02-01,用户评分
569367,广汽本田,飞度,2016款 1.5L SE CVT 时尚型,广汽本田飞度发动机冷启动VTC执行器异响,"A9,",2021-02-01,处理反馈
569364,一汽-大众奥迪,奥迪A6L,2019款 45 TFSI 臻选动感型,一汽大众奥迪A6L经销商收取服务费 强制购买,"K307,K325,N317,",2021-02-01,信息审核
569361,SWM斯威汽车,SWM斯威X7,2016款 1.5T 舒适型,SWM斯威X7发动机熄火底盘异响转向间隙大,"A14,D337,G56,",2021-02-01,厂家受理
569357,奇瑞汽车,艾瑞泽5,2019款 1.5L 手动 新青春版 国VI,奇瑞艾瑞泽5车门漏水希望尽快得到处理,"H109,",2021-02-01,处理反馈
569351,东风日产,轩逸,2016款 1.6XV CVT 智享版,东风日产轩逸上传错误维修记录导致车辆贬值,"J299,",2021-02-01,处理反馈
569350,一汽-大众,迈腾,2018款 330TSI DSG 豪华型,一汽大众迈腾变速箱机电单元故障,"B115,",2021-02-01,处理反馈
569349,长城汽车,哈弗H6 Coupe,2018款 1.5T 自动 两驱 豪华型 红标,哈弗H6 Coupe电瓶频繁亏电希望处理,"H146,",2021-02-01,用户评分
569348,江淮汽车,瑞风S3,2016款 1.5L 手动 豪华智能型,江淮瑞风S3行驶时打方向沉重有异响,"D59,D156,",2021-02-01,处理反馈
569346,北京现代,悦动,2020款 1.6L 自动 悦目版GL,北京现代悦动发动机异响行驶跑偏车身共振,"A9,A174,G117,H268,",2021-02-01,用户评分
569345,东风标致,标致408,2014款 1.8L 自动 豪华版,东风标致408发动机烧机油 减震器异响,"A63,G52,",2021-02-01,处理反馈
569342,广汽丰田,雷凌,2017款 1.8H GS CVT 精英天窗版 国V 改款 双擎,丰田雷凌加装中控屏出现故障 无法换挡,"B20,H134,",2021-02-01,信息审核
569339,广汽丰田,汉兰达,2018款 2.0T 四驱 豪华版 7座 国VI,丰田汉兰达低压燃油泵设计缺陷厂家不回复,"I294,Q323,",2021-02-01,信息审核
569335,奇瑞汽车,瑞虎5x,2017款 1.5T 手动 精英型,奇瑞瑞虎5x高速行驶发动机抖动故障报警,"A24,A34,",2021-02-01,处理反馈
569331,长城汽车,风骏7,2020款 2.0T 柴油 两驱 新冠军版 公务型 小双 4D20M,长城风骏7发动机涡轮增压器损坏不予索赔,"A189,I297,",2021-02-01,用户评分
569327,奇瑞汽车,瑞虎7,2020款 1.5T 手动 精英型,奇瑞瑞虎7天窗异响 朝阳轮胎鼓包,"F39,H164,H89,J299,",2021-02-01,处理反馈
569326,东风悦达起亚,起亚KX5,2016款 1.6T 自动 两驱DLX,东风悦达起亚KX5中控台表面开裂,"H176,",2021-02-01,处理反馈
569325,一汽丰田,卡罗拉,2019款 1.2T S-CVT GL-i精英版,一汽丰田卡罗拉后备箱缝隙不一致要求解决,"H209,",2021-02-01,信息审核
569320,吉利汽车,远景X6,2016款 1.8L 手动 豪华型,吉利远景X6减震器漏油行驶时异响,"G52,G25,",2021-02-01,处理反馈
569319,一汽-大众,速腾,2020款 280TSI DSG 舒适型 国VI,一汽大众速腾变速箱行驶异响希望厂家解决,"B33,",2021-02-01,处理反馈
569317,东风雪铁龙,雪铁龙C3-XR,2017款 230THP 自动 先锋型,东风雪铁龙C3-XR方向机故障影响驾驶,"D265,",2021-02-01,处理反馈
569316,江铃汽车,驭胜S350,2016款 2.0T 自动 两驱 汽油 豪华版 7座,江铃驭胜S350经销商欺骗更换电脑模块,"A44,J306,",2021-02-01,信息审核
569313,奇瑞汽车,瑞虎8,2018款 1.5TCI 自动 特供版 7座,奇瑞瑞虎8悬架异响 中控台异响 发动机漏油,"A12,G204,H93,",2021-02-01,处理反馈
569312,一汽丰田,卡罗拉,2019款 1.2T S-CVT GL-i精英版,一汽丰田卡罗拉低速行驶变速箱顿挫异响,"B33,B19,",2021-02-01,信息审核
569311,北京现代,北京现代ix35,2012款 2.0L 自动 两驱 精英版 GLS,北京现代ix35启动后发动机敲缸异响,"A9,",2021-02-01,处理反馈
569310,东风标致,标致408,2014款 1.8L 自动 豪华版,东风标致408发动机烧机油 车身共振,"A63,H268,",2021-02-01,处理反馈
569309,特斯拉中国,Model 3,2020款 长续航 后轮驱动版,特斯拉Model 3行车安全辅助系统故障报警,"H170,J301,",2021-02-01,信息审核
569308,一汽-大众,宝来,2020款 1.5L 自动 舒适型,一汽大众宝来电瓶亏电影响出行用车,"H146,",2021-02-01,用户评分
569304,长安福特,福睿斯,2019款 改款 1.5L 自动 质享型（胎压监测） 国VI,长安福特福睿斯4S店变相收费购车补贴不兑现,"I293,K307,K325,L313,",2021-02-01,处理反馈
569299,长城汽车,哈弗H2,2018款 1.5T 双离合 两驱 时尚型 创享版 蓝标,哈弗H2转向沉重虚位大希望尽快处理,"D156,D337,",2021-02-01,处理反馈
569298,广汽乘用车,传祺GS5,2019款 235T 自动 豪华版,广汽传祺GS5驾驶员安全带无法收回,"H118,",2021-02-01,处理反馈
569297,长安福特,锐际,2020款 EcoBoost 245 两驱 聪慧嘉享款,长安福特锐际转向失去助力 转向沉重,"D156,D112,",2021-02-01,处理反馈
569296,奇瑞汽车,瑞虎7,2016款 2.0L CVT 耀臻版,奇瑞瑞虎7行驶时变速箱油管爆裂,"B22,",2021-02-01,处理反馈
569291,沃尔沃亚太,沃尔沃S60,2019款 S60L 改款 T5 智进进阶版,亚太沃尔沃S60启动后变速箱异响,"B33,",2021-02-01,信息审核
569287,江淮汽车,瑞风S7,2017款 1.5T 手动 豪华智能型,厂家一直告知4s店水箱框架一直缺货,"N318,",2021-02-01,用户评分
569286,东风本田,本田XR-V,2020款 1.5L CVT 经典版,东风本田XR-V胎压故障报警要求解决,"H203,",2021-02-01,处理反馈
569281,江铃汽车,驭胜S350,2014款 2.4T  自动  两驱 柴油 豪华天窗版 5座,江铃驭胜S350车身多处生锈存在质量问题,"H79,",2021-02-01,信息审核
569277,华晨宝马,宝马1系,2020款 120i M运动套装,宝马1系三元催化器故障导致加速异响,"H31,H54,",2021-02-01,信息审核
569276,东风标致,标致408,2016款 1.6T 自动 豪华版,东风标致408机油异常增多希望处理,"A339,",2021-02-01,处理反馈
569272,一汽丰田,卡罗拉,2019款 双擎 1.8L E-CVT GL-i精英版,一汽丰田卡罗拉厂家未履行三包换车未兑现,"L310,",2021-02-01,信息审核
569270,一汽红旗,红旗H5,2018款 30TD 智联韵动版,一汽红旗H5韩泰轮胎老化开裂影响安全,"F100,",2021-02-01,处理反馈
569268,一汽-大众奥迪,奥迪A4L,2019款 40 TFSI 时尚型 国VI,一汽大众奥迪A4L行驶颠簸路面车门异响,"H72,",2021-02-01,信息审核
569266,一汽奔腾,奔腾X80,2017款 2.0L 自动 精英型,一汽奔腾X80车窗生锈 车门铰链生锈,"H79,",2021-02-01,处理反馈
569264,广汽菲克菲亚特,菲翔,2012款 1.4T 自动 劲享版,广汽菲亚特菲翔变速箱跳挡异响严重,"B115,",2021-02-01,厂家受理
569262,BEIJING汽车,绅宝D50,2014款 1.5L 手动 豪华版,绅宝D50天窗密封条处存在生锈的现象,"H79,",2021-02-01,处理反馈
569261,一汽-大众奥迪,奥迪A3,2020款 Sportback 35 TFSI 风尚型 国V,一汽大众奥迪A3发动机机油报警 烧机油,"A34,A63,",2021-02-01,信息审核
569257,东风汽车,俊风E11K,2019款 标准型,东风俊风E11K充电系统故障多次检测无果	,"H340,",2021-02-01,信息审核
569255,东风乘用车,风神AX7,2018款 1.6T 自动 豪华型,东风风神AX7踩油门异响售后不予处理,"A9,A45,",2021-02-01,用户评分
569252,一汽-大众,速腾,2020款 200TSI DSG 舒适型 国VI,一汽大众速腾颗粒捕捉器堵塞要求厂家解决,"A114,",2021-02-01,用户评分
569245,广汽丰田,雷凌,2021款 双擎 1.8H E-CVT 运动版,广汽丰田雷凌仪表台异响希望处理,"H93,",2021-02-01,处理反馈
569244,广汽丰田,凯美瑞,2015款 2.5G 自动 豪华导航版,广汽丰田凯美瑞前挡风玻璃视物模糊,"H113,",2021-02-01,用户评分
569242,北京现代,北京现代ix35,2018款 2.0L 自动 两驱 智勇·畅享版,北京现代ix35前轮耐克森轮胎起皮,"F186,",2021-02-01,处理反馈
569240,东风日产,轩逸,2018款 1.6XV CVT 尊享版,东风日产轩逸中控黑屏蓝牙无法连接,"H134,H155,",2021-02-01,处理反馈
569237,众泰汽车,众泰T600,2015款 1.5T 手动 豪华型,众泰T600车身车漆多处脱落要求厂家处理,"H81,",2021-02-01,信息审核
569235,东风本田,本田XR-V,2019款 1.5L CVT 经典版 国VI,本田XR-V车辆无法启动 方向盘没有助力,"A44,D265,I282,",2021-02-01,处理反馈
569234,东风日产,奇骏,2019款 2.0L CVT 智联舒适版 5座 2WD,东风日产奇骏冷启动时排气管冒黑烟,"A114,",2021-02-01,处理反馈
569232,一汽解放,解放J6P,2011款 解放J6P 9.0 集装箱 半挂 牵引汽车 CA4250P66K24T1A1 EX型,一汽解放J6P新车发动机缺机油 故障灯亮,"A34,A63,M284,",2021-02-01,厂家受理
569229,东南汽车,东南DX3,2018款 1.5T CVT 尊贵型,东南DX3万力轮胎掉渣 胎花有纵向裂纹,"F100,F10,",2021-02-01,处理反馈
569226,广汽本田,缤智,2015款 1.8L CVT 两驱豪华型,本田缤智发动机涨紧轮故障导致加速异响,"A9,",2021-02-01,处理反馈
569223,一汽-大众,速腾,2014款 1.4TSI 手动 豪华型 改款,大众速腾车身稳定系统故障 ABS故障灯亮,"E74,H170,",2021-01-31,处理反馈
569222,上汽通用五菱,宝骏360,2019款 1.5L 手动 精英型 国VI,上汽通用五菱宝骏360灯光接触不良频繁跳动,"H71,",2021-01-31,用户评分
569220,上汽大众,途观L,2018款 330TSI 自动 两驱 豪华版,上汽大众途观L行驶时变速箱故障报警,"B96,B27,",2021-01-31,处理反馈
569219,长城汽车,风骏5,2020款 2.0T 柴油 四驱 精英型 大双排 国VI GW4D20M,长城风骏5车辆无法启动要求给予解决,"A44,I292,",2021-01-31,用户评分
569218,奇瑞捷豹路虎,捷豹XEL,2020款 2.0T 200PS S进取优雅版,奇瑞捷豹路虎XEL经销商出售问题车,"M284,",2021-01-31,用户评分
569217,北京现代,北京现代ix35,2018款 2.0L 自动 两驱 智勇·畅享版,北京现代ix35车机塑料按钮电镀件起皮,"H168,",2021-01-31,处理反馈
569216,一汽丰田,卡罗拉,2019款 双擎 1.8L E-CVT GL-i精英版,一汽丰田卡罗拉插数据线车机黑屏重启,"H134,H155,",2021-01-31,处理反馈
569214,奇瑞汽车,艾瑞泽5,2016款 1.5L CVT 领锐版,奇瑞艾瑞泽5变速箱故障报警维修多次未解决,"B96,J298,",2021-01-31,处理反馈
569212,广汽丰田,凯美瑞,2008款 200G 2.0 自动 NAVI 豪华导航版,广汽丰田凯美瑞半轴内球笼套渗油,"G161,",2021-01-31,处理反馈
569211,吉利汽车,帝豪GL,2017款 1.3T 自动 精英型,吉利帝豪GL行驶时变速箱异响严重,"B33,",2021-01-31,用户评分
569210,长安汽车,长安CS15,2019款 1.5L 手动 进取型 国VI,长安CS15电瓶经常亏电维修多次未解决,"H146,",2021-01-31,处理反馈
569209,东风本田,本田UR-V,2020款 370TURBO 两驱 尊雅版,东风本田UR-V变速器漏油要求解决,"B22,",2021-01-31,处理反馈
569208,一汽丰田,RAV4荣放,2016款 2.0L CVT 两驱 智尚版 国V,一汽丰田RAV4荣放半轴内侧防尘套漏油,"G161,",2021-01-31,处理反馈
569207,一汽-大众,宝来,2020款 1.5L 手动 舒适型,一汽大众宝来冷车行驶时转向异响,"D59,",2021-01-31,处理反馈
569206,长城汽车,炮,2020款 2.0T 越野版 手动 柴油 四驱 定制版 GW4D20M,长城炮尿素泵故障多次维修未解决,"A9,A24,A34,A114,J298,",2021-01-31,处理反馈
569204,一汽-大众,宝来,2020款 1.5L 自动 舒适型,一汽大众宝来发动机启停系统无法工作,"H263,",2021-01-31,处理反馈
569195,东风日产,骐达TIIDA,2016款 1.6L CVT 智行版,东风日产骐达变速箱异响逐渐增大,"B33,",2021-01-31,处理反馈
569193,威马汽车,威马EX5,2018款 EX5 500 Lite探索版,威马EX5充电到90%提示动力电池故障,"H343,",2021-01-31,处理反馈
569190,一汽丰田,RAV4荣放,2015款 2.0L CVT 两驱都市版,一汽丰田RAV4荣放半轴防尘套漏油严重,"G161,",2021-01-31,处理反馈
569189,东南汽车,东南DX7,2018款 1.5T 手动 豪华型,东南DX7电子手刹出现故障导致无法手刹解除,"E159,",2021-01-31,用户评分
569186,奇瑞汽车,艾瑞泽5,2021款 1.6L CNG 豪华型,奇瑞艾瑞泽5发动机转速自动提高要求处理,"A35,",2021-01-31,处理反馈
569182,奇瑞汽车,瑞虎8,2018款 1.5TCI 手动 特供版 5座,奇瑞瑞虎8电瓶线脱落 刹车时有异响,"E43,H110,",2021-01-31,处理反馈
569180,一汽海马,福美来,2015款 1.6L 手动 挚爱版 M5,一汽海马福美来F5发动机运转时抖动有异响,"A9,A24,",2021-01-31,信息审核
569177,一汽-大众,迈腾,2017款 330TSI DSG 豪华型,一汽大众迈腾遥控钥匙经常亏电要求处理,"H119,",2021-01-31,用户评分
569175,一汽-大众,迈腾,2017款 330TSI DSG 领先型,一汽大众迈腾行驶过程中变速箱没有奇数挡,"B20,",2021-01-31,处理反馈
569174,上汽大众斯柯达,柯迪亚克,2020款 TSI330 两驱 豪华优享版 5座,斯柯达柯迪亚克车身共振 变速箱异响,"B33,H268,",2021-01-31,处理反馈
569173,一汽丰田,亚洲龙,2019款 双擎 2.5L 豪华版 国Ⅵ,一汽丰田亚洲龙新车机油增多希望尽快处理,"A339,",2021-01-31,处理反馈
569170,东风日产,轩逸,2021款 经典 1.6 XL CVT 豪华版,东风日产轩逸4S店诱导消费未告知车主,"K307,K325,",2021-01-31,用户评分
569167,BEIJING汽车,BEIJING-X7,2020款 1.5TD DCT 致尚版,BEIJING-X7新车发动机漏油要求补偿,"A12,",2021-01-31,处理反馈
569165,一汽-大众奥迪,奥迪A4L,2018款 2.0T 进取型 30周年年型,一汽大众奥迪A4L低速时方向盘异响,"D59,",2021-01-31,信息审核
569162,上汽集团,锐腾,2015款 1.5TGI TST 豪华版,上汽名爵底盘异响 电子刹车拉线冻住,"E159,G56,",2021-01-31,处理反馈
569161,北京汽车制造厂,BJ 212,2020款 1.5T 方门 硬顶,北汽制造BJ212变速箱挂挡困难 挡杆抖动,"B20,B95,",2021-01-31,信息审核
569159,吉利汽车,缤瑞,2019款 200T DCT 缤驰版,吉利缤瑞4S店维修中控时造成车门出现划痕,"J300,J303,J299,",2021-01-31,处理反馈
569157,东风风行,风行SX6,2019款 1.6L 手动 豪华型,东风风行SX6首保不予免费希望得到处理,"L313,",2021-01-31,用户评分
569149,广汽本田,雅阁,2018款 2.0L 锐领版 锐·混动 国V,广汽本田雅阁4S店维修后车辆出现划痕磕碰,"J300,",2021-01-31,用户评分
569146,东风日产,逍客,2019款 2.0L CVT 豪华版,东风日产逍客发电机皮带轮脱落希望处理,"H73,",2021-01-31,用户评分
569142,广汽本田,雅阁,2018款 260TURBO 精英版 国V,广汽本田雅阁中控台颠簸时存在异响,"H93,",2021-01-31,处理反馈
569137,长安汽车,长安欧尚X7,2020款 1.5T 手动 精英型,长安欧尚X7前后保险杠有严重的色差,"H201,",2021-01-31,处理反馈
569134,一汽-大众奥迪,奥迪A6L,2019款 45 TFSI 臻选动感型,一汽大众奥迪A6L轮毂氧化希望厂家解决,"H243,",2021-01-31,信息审核
569128,一汽丰田,RAV4荣放,2020款 双擎 2.5L CVT 四驱 精英PLUS版,一汽丰田RAV4荣放发动机机油增多 车窗异响,"A339,H72,",2021-01-31,处理反馈
569126,广汽丰田,凯美瑞,2018款 2.5G 自动 豪华版,广汽丰田凯美瑞变速箱漏油要求厂家处理,"B22,",2021-01-31,处理反馈
569125,长城汽车,哈弗大狗,2021款 1.5T DCT 边牧版,哈弗大狗挡风玻璃有瑕疵 电瓶亏电,"H146,H113,",2021-01-31,用户评分
569123,御捷新能源,御捷E驰,2017款 标准型,御捷E驰电机控制器故障导致无法正常使用,"A346,",2021-01-31,信息审核
569121,东风日产,奇骏,2020款 2.0L XL ITS CVT 2WD 智联舒适版,东风日产奇骏高速行驶时发电机皮带轮掉落,"H73,",2021-01-31,处理反馈
569118,一汽丰田,卡罗拉,2019款 1.2T S-CVT GL-i精英版,一汽丰田卡罗拉电瓶亏电车辆无法启动,"H146,",2021-01-31,处理反馈
569116,一汽-大众,速腾,2019款 280TSI DSG 舒适型 国VI,一汽大众速腾发动机烧机油非常严重,"A63,",2021-01-31,处理反馈
569115,一汽丰田,卡罗拉,2021款 1.2T S-CVT 精英版,一汽丰田卡罗拉变速箱异响伴随顿挫,"B33,B19,",2021-01-31,处理反馈
569114,一汽-大众,高尔夫·嘉旅,2020款 280TSI 自动 好奇型,一汽大众高尔夫嘉旅刹车异响及中控异响,"E43,H93,",2021-01-31,处理反馈
569113,奔驰（进口）,奔驰C级（进口）,2020款 C 260 轿跑车,进口奔驰C级发动机故障灯亮变速箱无法挂挡,"A34,B20,",2021-01-31,处理反馈
569112,北京现代,途胜,2015款 1.6T   双离合 两驱 智能型,北京现代途胜起步时变速箱顿挫并且异响,"B33,B19,",2021-01-31,处理反馈
569111,长安铃木,奥拓,2013款 1.0L 手动 实用型,长安铃木奥拓发动机抖动排气管冒白烟,"A24,A114,H73,",2021-01-31,处理反馈
569110,一汽红旗,红旗HS5,2019款 2.0T 智联旗享版,红旗HS5高速行驶时车门有严重漏风现象,"H144,",2021-01-31,信息审核
569108,一汽-大众捷达,捷达VS5,2019款 280TSI 自动 悦享型,捷达VS5变速箱降挡顿挫 刹车盘有异响,"B19,E43,H72,H93,",2021-01-31,处理反馈
569105,一汽丰田,RAV4荣放,2019款 2.0L CVT 两驱 风尚X 限量版 国VI,一汽丰田RAV4荣放赠送保养价值与宣传不符,"M279,",2021-01-31,处理反馈
569104,北京现代,北京现代ix25,2020款 1.5L CVT 尊贵型,北京现代ix25 4S店维修一直没有配件,"N318,",2021-01-31,处理反馈
569103,一汽-大众奥迪,奥迪A6L,2021款 40 TFSI 豪华动感型,一汽大众奥迪A6L前大灯进灰一直未解决,"H88,",2021-01-31,信息审核
569102,东风标致,标致408,2016款 1.6T 自动 豪华版,东风标致408电源管理模块故障导致故障灯亮,"H110,",2021-01-31,处理反馈
569101,东风标致,标致408,2015款 1.2T 自动 豪华版,东风标致408减震器异响存在质量问题,"G52,",2021-01-31,处理反馈
569100,长安福特,锐界,2020款 EcoBoost 245 两驱 精锐型 5座,长安福特锐界车门大小不同疑似事故车,"H209,",2021-01-31,处理反馈
569096,长安汽车,长安欧尚X7,2020款 1.5T 手动 豪华型,长安欧尚X7玻璃水管路断开导致车内进水,"H60,",2021-01-31,处理反馈
569095,一汽-大众,探岳,2020款 280TSI 两驱 豪华智联版,一汽大众探岳车联网APP无法对车辆进行定位,"H155,",2021-01-31,用户评分
569093,广汽本田,缤智,2015款 1.5L CVT 两驱舒适型,广汽本田缤智冷车启动发动机异响故障灯亮,"A9,A34,",2021-01-31,处理反馈
569092,奇瑞汽车,瑞虎3,2016款 1.6L 手动 智尚版,奇瑞瑞虎3车门槛生锈漆面起皮要求厂家解决,"H79,H81,",2021-01-31,处理反馈
569088,众泰汽车,众泰T500,2018款 1.5T 手动 尊享型 5座,众泰T500发动机线路管断裂4S店不予质保,"H168,",2021-01-31,信息审核
569084,上汽通用五菱,五菱之光小卡,2020款 1.2L 双排,五菱之光小卡刹车失灵 音箱有杂音 后轮吃胎,"E29,G245,H134,",2021-01-31,用户评分
569083,上汽集团,荣威Ei5,2019款 智联旗舰版,上汽荣威Ei5电池组故障续航严重降低,"H344,",2021-01-31,用户评分
569081,东风日产,轩逸,2021款 经典 1.6 XE CVT 舒适版,东风日产轩逸4S店技术差 展车与实车不符,"H79,J303,",2021-01-31,处理反馈
569077,江淮汽车,瑞风S3,2018款 1.5L 手动 豪华型 定制版,江淮瑞风S3车身 车轮 中控台异响严重,"H15,H93,H164,",2021-01-31,处理反馈
569075,奇瑞汽车,瑞虎8 PLUS,2021款 290TGDI DCT 豪享版,奇瑞瑞虎8 PLUS发动机异响 车窗异响,"A9,H72,H263,",2021-01-31,处理反馈
569071,北京现代,领动,2020款 1.4T 双离合 炫动·活力型,北京现代领动发动机漏油存在质量问题,"A12,",2021-01-31,处理反馈
569066,广汽丰田,雷凌,2017款 185T CVT 精英版 国VI 改款,广汽丰田雷凌减震器漏油要求彻底解决,"G25,",2021-01-31,用户评分
569065,长城汽车,哈弗H2,2018款 1.5T 手动 两驱 风尚型 创享版 国V,哈弗H2火花塞点火线圈线杆频繁损坏,"A91,",2021-01-31,用户评分
569064,一汽-大众奥迪,奥迪A4L,2016款 2.0T 自动 标准型,一汽大众奥迪A4L发动机节温器漏防冻液,"A37,",2021-01-31,信息审核
569063,北京现代,名图,2014款 1.8L 自动 智能型,北京现代名图半轴漏油存在质量问题,"G51,",2021-01-31,处理反馈
569061,海马汽车,海马8S,2019款 1.6TGDI 自动 潮版,海马8S厂家合伙人得奖励金活动未兑现,"L313,",2021-01-31,用户评分
569060,奇瑞汽车,风云2,2013款 1.5L 手动 快意版 两厢,奇瑞风云2车轮大幅度转向时与内衬摩擦,"H157,",2021-01-31,处理反馈
569054,东风日产,逍客,2017款 2.0L CVT 精英版 国V,东风日产逍客变速箱报故障码P0776,"B84,",2021-01-31,处理反馈
569051,奇瑞捷豹路虎,发现神行,2017款 2.0T SE,奇瑞捷豹路虎发现神行正时齿轮断裂水箱漏水,"A37,A45,",2021-01-31,处理反馈
569049,上汽大众,途观L,2018款 330TSI 自动 两驱 旗舰版 改款,上汽大众途观L底盘异响 后备箱有时锁不上,"G56,H68,",2021-01-31,用户评分
569047,一汽-大众,宝来,2020款 1.5L 自动 精英型,一汽大众宝来冷车行驶时刹车异响明显,"E43,",2021-01-31,用户评分
569045,奇瑞汽车,艾瑞泽M7,2015款 1.8L 手动 宽悦版 232座,奇瑞艾瑞泽M7 4S店无车门配件要求解决,"H79,N318,",2021-01-31,处理反馈
569044,北汽新能源,EV系列,2016款 EV160 轻快版,北汽新能源EV系列动力电池无法充电,"H340,",2021-01-31,用户评分
569043,星途,星途TXL,2021款 1.6T 两驱 星耀版,星途TXL 4S店贴膜质量差操作不规范,"J303,J299,",2021-01-31,信息审核
569041,Jeep（进口）,指南者（进口）,2014款 2.4L 自动 四驱 运动版,进口Jeep指南者车内有严重异味影响身体健康,"H185,",2021-01-31,厂家受理
569034,猎豹汽车,猎豹CS10,2017款 1.5T CVT 尊贵型,猎豹CS10原地左右打方向盘时有异响,"D59,",2021-01-31,信息审核
569032,北京现代,北京现代ix25,2015款 1.6L 自动 两驱 智能型 GLS 5座,北京现代ix25事故车维修配件一直未到货,"N320,",2021-01-31,用户评分
569030,长城汽车,哈弗H6 Coupe,2019款 1.5T 自动 两驱 豪华智联版 国V,哈弗H6 Coupe车身多处异响售后服务态度差,"H15,I293,",2021-01-31,用户评分
569029,广汽本田,飞度,2016款 1.5L LXS CVT 舒适天窗版,广汽本田飞度冷车启动发动机VTC执行器异响,"A9,",2021-01-31,处理反馈
569026,北京现代,瑞纳,2014款 1.4L 手动 智能型GLS 三厢,北京现代瑞纳发动机油耗高车身抖动,"A12,A85,H15,H268,H149,",2021-01-31,用户评分
569022,昌河铃木,利亚纳A6,2016款 1.4L 手动 理想型 两厢,昌河铃木利亚纳A6电动转向系统故障,"D156,D291,",2021-01-31,信息审核
569021,陆风汽车,陆风X7,2015款 2.0T 全景尊贵版,陆风X7变速箱挂挡不走厂家一直没有回应,"B334,I294,",2021-01-31,用户评分
569018,长安汽车,奔奔E-Star,2021款 国民版 心悦版,长安奔奔E-Star经销商出售事故车要求处理,"M284,",2021-01-31,处理反馈
569016,上汽通用五菱,宝骏530,2019款 1.5T CVT 尊贵型 国V,宝骏530低速行驶变速箱换挡顿挫严重,"B19,",2021-01-31,处理反馈
569015,一汽-大众,探岳,2020款 330TSI 两驱 豪华智联版,一汽大众探岳变速箱抖动 中控异响 半轴共振,"B95,G125,H93,",2021-01-31,处理反馈
569005,奇瑞新能源,艾瑞泽e,2019款 出行版,奇瑞艾瑞泽e车辆行驶中突然断电影响安全,"H110,",2021-01-30,厂家受理
569004,长城汽车,哈弗H6 Coupe,2020款 智联版 1.5T 自动 两驱 精英型,哈弗H6 Coupe变速箱 车身 天窗异响,"B33,D265,H15,H89,",2021-01-30,处理反馈
569003,福田,时代微卡,小卡之星,福田时代微卡新车发动机排气冒蓝烟,"A114,",2021-01-30,信息审核
568997,长安福特,探险者,2020款 EcoBoost 285 四驱 钛金版 6座,长安福特探险者发动机无法启动未确定原因,"A44,",2021-01-30,处理反馈
568993,广汽三菱,欧蓝德,2019款 2.0L 两驱 畅享版 5座 国VI,广汽三菱欧蓝德升级后拖挡共振沉闷无力,"O348,",2021-01-30,厂家受理
568988,广汽三菱,欧蓝德,2018款 2.4L 四驱 精英版 5座,广汽三菱欧蓝德4S店保养作假无人处理,"M279,N317,",2021-01-30,厂家受理
568987,广汽三菱,劲炫ASX,2020款 2.0L CVT 智领版,广汽三菱劲炫ASX行驶中发动机突然熄火,"A14,",2021-01-30,厂家受理
568984,上汽大众,桑塔纳,2019款 1.5L 手动 风尚版 国VI,上汽大众桑塔纳玛吉斯轮胎开裂要求处理,"F100,",2021-01-30,用户评分
568984,上汽大众,桑塔纳,2019款 1.5L 手动 风尚版 国VI,上汽大众桑塔纳玛吉斯轮胎开裂要求处理,"F100,",2021-01-30,用户评分
568982,北京现代,领动,2019款 1.4T 双离合 炫动·活力型,北京现代领动低速起步时变速箱顿挫异响,"B33,B19,",2021-01-30,处理反馈
568979,一汽丰田,卡罗拉,2019款 1.2T S-CVT GL-i精英版,一汽丰田卡罗拉低速行驶时变速箱顿挫异响,"B33,B19,",2021-01-30,处理反馈
568973,一汽奔腾,奔腾B30EV,2019款 EV400,一汽奔腾B30EV更换水泵后系统故障灯亮,"A34,J300,",2021-01-30,用户评分
568972,猎豹汽车,猎豹CT7,2018款 1.9T 两驱 卓越型 大双版 柴油 D19TCIE,猎豹CT7发动机故障灯亮尾气管堵塞动力不足,"A34,A163,A114,",2021-01-30,信息审核
568971,一汽-大众奥迪,奥迪Q5,2017款 2.0T 40 TFSI 技术型,一汽大众奥迪Q5节温器和水泵处漏防冻液,"A37,",2021-01-30,信息审核
568969,东风雪铁龙,雪铁龙C4L,2013款 1.8L 自动 劲驰版,东风雪铁龙C4L汽油泵设计缺陷导致油泵烧毁,"H78,",2021-01-30,处理反馈
568965,东风本田,享域,2019款 180TURBO CVT 乐享版 国V,东风本田享域发动机机油增多乳化故障灯亮,"A34,A339,A13,",2021-01-30,处理反馈
568958,广汽乘用车,传祺GS5,2019款 270T 自动 豪华版,广汽传祺GS5刹车盘异常磨损导致刹车异响,"E43,E47,",2021-01-30,处理反馈
568957,福田汽车,图雅诺,2019款 2.5T E5 4J25TC3,福田图雅诺发动机烧机油厂家和4S店不解决,"A63,I295,",2021-01-30,信息审核
568955,一汽-大众,探岳,2019款 330TSI 两驱 豪华型 国Ⅵ,一汽大众探岳行驶中变速箱异响顿挫,"B33,B19,",2021-01-30,用户评分
568953,上汽大众,途岳,2021款 280TSI 两驱 风尚版,上汽大众途岳刹车失灵影响行车安全,"E29,K307,",2021-01-30,处理反馈
568952,一汽-大众奥迪,奥迪A4L,2020款 40 TFSI 豪华动感型,一汽大众奥迪A4L低速行驶打方向盘时异响,"D59,",2021-01-30,信息审核
568951,东风本田,本田CR-V,2019款 240TURBO CVT 两驱 舒适版 国VI,东风本田CR-V两后轮胎内侧吃胎方向跑偏,"G245,G117,",2021-01-30,处理反馈
568945,东风日产,奇骏,2017款 2.5L CVT 豪华版 5座 4WD,东风日产奇骏发动机抖动 变速箱脱挡,"A24,B246,",2021-01-30,处理反馈
568944,江淮汽车,嘉悦A5,2020款 1.5T CVT 精英型,江淮嘉悦A5低速行驶时发动机存在异响,"A9,H79,H134,H82,H113,H271,",2021-01-30,处理反馈
568943,一汽-大众,速腾,2019款 280TSI DSG 舒适型 国VI,一汽大众速腾低速刹车异响变速箱换挡顿挫,"A35,B19,E43,",2021-01-30,处理反馈
568941,东风本田,本田CR-V,2019款 240TURBO CVT 两驱 舒适版 国V,东风本田CR-V刹车不线性刹车偏软,"E269,",2021-01-30,处理反馈
568940,东风本田,本田XR-V,2017款 1.5L LXi CVT 经典版,东风本田XR-V行驶时底盘异响发动机噪音大,"A38,G56,",2021-01-30,处理反馈
568939,广汽丰田,雷凌,2019款 185T CVT 豪华版 国VI,广汽丰田雷凌行驶时转向异响车身异响,"D59,H15,",2021-01-30,用户评分
568938,上汽通用五菱,五菱宏光PLUS,2019款 1.5T 手动 豪华型 7座,上汽通用五菱宏光PLUS发动机异常抖动,"A24,",2021-01-30,处理反馈
568937,北京汽车,威旺M20,2018款 1.2L 经济型 A122,北汽威旺M20发动机抖动转速表指针抖动,"A24,H202,",2021-01-30,信息审核
568936,一汽-大众,速腾,2020款 280TSI DSG 舒适型 国VI,一汽大众速腾发动机运转时汽油箱存在异响,"H147,",2021-01-30,处理反馈
568935,东风日产,逍客,2021款 2.0L CVT 豪华版,东风日产逍客行驶中车身共振发动机噪音大,"A38,H268,",2021-01-30,用户评分
568934,上汽大众,途观L,2019款 280TSI 自动 两驱 全景舒适版 国V,上汽大众途观L行驶过程中变速箱异响顿挫,"B33,B19,",2021-01-30,用户评分
568932,北京奔驰,奔驰GLC,2020款 改款 GLC 260 L 4MATIC 动感型,北京奔驰GLC刹车异响影响到正常用车,"E43,",2021-01-30,处理反馈
568931,东风日产,楼兰,2017款 2.5L XL 两驱 智尚版,东风日产楼兰使用导航时无法调节音量,"H21,",2021-01-30,处理反馈
568930,奇瑞汽车,瑞虎8 PLUS,2021款 290TGDI DCT 豪享版,奇瑞瑞虎8 PLUS置换补贴一直不予兑现,"L313,",2021-01-30,处理反馈
568925,长安汽车,长安CS35,2017款 1.6L 手动 豪华型,长安CS35车内有严重异味影响身体健康,"H185,",2021-01-30,处理反馈
568924,长安汽车,长安UNI-T,2020款 1.5T 旗舰型,长安UNI-T刹车泵里有空气 电瓶亏电,"E43,H146,",2021-01-30,处理反馈
568921,海马汽车,海马8S,2019款 1.6TGDI 自动 潮版,海马8S介绍新客户赠送奖励金承诺不予兑现,"L314,",2021-01-30,用户评分
568920,一汽解放轻卡,虎VH,大王驾到,一汽解放轻卡虎VH经销商补偿承诺不兑现,"L314,",2021-01-30,信息审核
568917,北京奔驰,奔驰GLC,2020款 GLC 260 L 4MATIC 动感型,北京奔驰GLC无法识别钥匙车门无法解锁,"H119,H197,",2021-01-30,处理反馈
568913,一汽丰田,卡罗拉,2021款 1.2T S-CVT 先锋版,一汽丰田卡罗拉变速箱顿挫异响越来越严重,"B33,B19,",2021-01-30,处理反馈
568910,一汽-大众,迈腾,2020款 330TSI DSG 豪华型,一汽大众迈腾新车出现怠速飞轮异响,"A9,",2021-01-30,处理反馈
568908,奇瑞汽车,瑞虎8,2020款 290TGDI 自动 精英版,奇瑞瑞虎8发动机高压回油管及油底壳漏油,"A12,",2021-01-30,处理反馈
568907,奇瑞汽车,捷途X70,2018款 1.5T 手动 畅行版,捷途X70 4S店安装底护板磨损油底壳,"A9,H157,",2021-01-30,处理反馈
568906,北京现代,索纳塔,2011款 2.0 DLX尊贵版,北京现代索纳塔八车门生锈非常严重,"H79,",2021-01-30,处理反馈
568905,广汽三菱,奕歌,2019款 1.5T CVT 两驱 梦想版 国V,广汽三菱奕歌天窗异响 车门及中控台异响,"H72,H93,H89,",2021-01-30,厂家受理
568904,北京现代,途胜,2020款 280TGDi 双离合 两驱 时尚版 国VI,北京现代途胜发动机熄火 4S店查不出原因,"A14,J301,",2021-01-30,处理反馈
568903,北京现代,领动,2020款 1.4T 双离合 炫动·旗舰型,北京现代领动变速箱漏油希望厂家尽快处理,"B22,",2021-01-30,处理反馈
568902,一汽-大众,宝来,2020款 1.5L 自动 舒适型,一汽大众宝来倒车影像成像上下颠倒,"H134,",2021-01-30,处理反馈
568901,郑州日产,风度MX5,2016款 1.4T 手动 时尚版,东风风度MX5发动机烧机油无人处理,"A63,",2021-01-30,信息审核
568899,一汽-大众,迈腾,2017款 330TSI DSG 豪华型,一汽大众迈腾变速箱跳挡 无法挂入倒挡,"B20,B27,",2021-01-30,处理反馈
568897,一汽-大众,速腾,2017款 1.6L 自动 舒适型,一汽大众速腾加油和收油时变速箱异响,"B33,",2021-01-30,处理反馈
568895,吉利汽车,经典帝豪,2013款 1.5L 手动 进取型 三厢,吉利经典帝豪4S店检测气囊配件未归还,"H103,J299,K307,",2021-01-30,处理反馈
568894,广汽丰田,威兰达,2020款 2.0L CVT 四驱 豪华版,广汽丰田威兰达导航不准确 系统与宣传不符,"H21,M279,",2021-01-30,处理反馈
568891,长安福特,翼虎,2013款 1.6T  两驱舒适型,长安福特翼虎变速箱漏油发动机漏防冻液,"A37,B22,",2021-01-30,处理反馈
568887,奇瑞汽车,瑞虎8,2019款 1.6TGDI 自动 豪华型,奇瑞瑞虎8发动机熄火后无法完全断电,"H110,",2021-01-30,处理反馈
568882,长安汽车,长安欧尚X7,2020款 1.5T 手动 精英型,长安欧尚X7副驾驶玻璃水管脱落底盘泡水,"H109,",2021-01-30,用户评分
568881,东风标致,标致308,2018款 1.6L 自动 豪华版,东风标致308前进及倒车时转向异响,"D59,",2021-01-30,处理反馈
568880,吉利汽车,熊猫,2009款 1.3L 手动 功夫版,吉利熊猫转向助力失效 后桥断裂 侧裙生锈,"D112,G230,H79,",2021-01-30,处理反馈
568876,东风本田,本田CR-V,2021款 锐·混动 2.0L 两驱 净驰版,东风本田CR-V低速行驶时汽油箱有异响,"H147,",2021-01-30,用户评分
568875,东风日产,奇骏,2020款 2.0L XL ITS CVT 2WD 智联舒适版,东风日产奇骏4S店态度恶劣 配置与宣传不符,"I293,M279,",2021-01-30,处理反馈
568874,特斯拉（进口）,MODEL X,2017款 MODEL X 100D 长续航版,特斯拉MODEL X中控频繁死机要求处理,"H155,",2021-01-30,信息审核
568872,长安马自达,马自达3 昂克赛拉,2020款 2.0L 自动 质炫版,长安马自达昂克赛拉普利司通轮胎鼓包,"F39,",2021-01-30,处理反馈
568870,东风日产,奇骏,2017款 2.0L CVT 智享版 5座 2WD,东风日产奇骏变速箱无法加速希望厂家处理,"B334,",2021-01-30,用户评分
568867,广汽本田,凌派,2015款 1.8 自动 豪华版,广汽本田凌派车身锈蚀厂家拒绝处理,"H79,",2021-01-30,处理反馈
568865,东风日产,天籁,2020款 2.0L XL Upper 智行版,东风日产天籁车载智联无法使用厂家不处理,"H155,M279,",2021-01-30,用户评分
568861,长安汽车,奔奔,2014款 1.4L 手动 天窗版,长安奔奔漆面鼓包生锈希望厂家处理问题,"H79,H81,",2021-01-30,用户评分
568860,东风标致,标致408,2014款 1.8L 自动 豪华版,东风标致408发动机烧机油 减震器异响,"A63,G52,",2021-01-30,处理反馈
568857,奇瑞汽车,艾瑞泽7,2013款 1.6L CVT 致尚版,奇瑞艾瑞泽7车门严重生锈希望厂家处理,"H79,",2021-01-30,处理反馈
568854,一汽-大众捷达,捷达VS5,2019款 280TSI 自动 荣耀型,捷达VS5发动机异响希望厂家处理问题,"A9,",2021-01-30,处理反馈
568852,一汽-大众奥迪,奥迪A4L,2020款 40 TFSI 豪华动感型,一汽大众奥迪A4L前大灯内部出现胶痕,"H220,",2021-01-30,信息审核
568850,东风日产,启辰D60,2019款 十万荣耀 1.6L XL CVT 辰酷版 国V,启辰D60发动机异响厂家故意不解决问题,"A9,",2021-01-30,信息审核
568849,广汽本田,冠道,2020款 370TURBO 两驱 豪华版,广汽本田冠道发动机漏油存在质量问题,"A12,",2021-01-30,用户评分
568846,斯巴鲁,森林人,2021款 2.0i 豪华版,斯巴鲁森林人汽油颗粒传感器有故障,"A34,A114,H234,",2021-01-30,信息审核
568840,长安汽车,长安CS35,2016款 1.6L 手动 豪华型 国IV,长安CS35车身生锈严重漆面起泡脱落,"H79,H81,",2021-01-30,用户评分
568837,江铃福特,途睿欧,2017款 2.0T 自动 精睿版,江铃福特途睿欧电瓶亏电导致无法启动,"H146,",2021-01-30,信息审核
568832,广汽丰田,雷凌,2019款 185T CVT 进取版 国VI,广汽丰田雷凌变速箱顿挫转向以及中控台异响,"B19,D59,H72,H93,",2021-01-30,处理反馈
568828,一汽-大众奥迪,奥迪Q5,2013款 40 TFSI 自动 舒适型,一汽大众奥迪Q5天窗异响希望厂家处理,"H89,",2021-01-30,信息审核
568826,奇瑞汽车,瑞虎8,2019款 1.6TGDI 自动 时尚型,奇瑞瑞虎8方向盘爆皮中控黑屏质量差,"B33,B20,E43,H134,H168,H67,",2021-01-30,处理反馈
568824,东风日产,天籁,2020款 2.0T XL Upper AD1 智享领航版,东风日产天籁变速箱顿挫发动机抖动,"A9,A24,B19,",2021-01-30,处理反馈
568822,长城汽车,哈弗H6 Coupe,2016款 1.5T 自动 两驱精英型,哈弗H6 Coupe发动机怠速时出现异响,"A9,",2021-01-30,处理反馈
568819,北京现代,朗动,2016款 1.6L 自动 尊贵型,北京现代朗动出现交通事故气囊未弹开,"H103,",2021-01-30,处理反馈
568815,长安福特,探险者,2020款 EcoBoost 285 四驱 运动版ST-LINE 6座,长安福特探险者油箱有异响希望厂家处理,"H147,",2021-01-30,处理反馈
568814,吉利汽车,嘉际,2019款 1.5TD 手动 舒享型,吉利嘉际厂家销售承诺现金未返还,"L313,",2021-01-30,处理反馈
568812,长安马自达,马自达CX-5,2020款 改款 2.0L 自动 两驱 智尊型,长安马自达CX-5变速箱异响希望厂家处理,"B33,",2021-01-30,处理反馈
568807,一汽丰田,亚洲龙,2019款 双擎 2.5L XLE 尊贵版 国V,一汽丰田亚洲龙天窗和车内异响严重,"H164,H89,",2021-01-30,处理反馈
568804,上汽大众,途观L新能源,2021款 430PHEV 插电混动 尊贵版,上汽大众途观L新能源经销商恶意强制销售,"K325,",2021-01-30,处理反馈
568802,东风日产,阳光,2011款 1.5L CVT XV 尊贵版,东风日产阳光故障灯亮发动机故障灯亮,"A34,",2021-01-30,处理反馈
568801,一汽-大众奥迪,奥迪A6L新能源,2020款 55 TFSI e quattro,一汽大众奥迪A6L仪表盘损坏希望厂家质保,"H202,N318,",2021-01-30,信息审核
568799,上汽大通,上汽大通MAXUS G10,2018款 1.9T 自动 精英版 PLUS 柴油,上汽MAXUS G10发动机异响希望厂家处理,"A9,",2021-01-30,处理反馈
568794,一汽-大众,宝来,2021款 1.5L 自动 舒适智联版,一汽大众宝来N挡停车后钥匙能拔出,"H119,",2021-01-30,处理反馈
568790,东风日产,奇骏,2017款 2.0L CVT 舒适版 5座 2WD,东风日产奇骏售后保养无故更换冷却液盖,"J299,",2021-01-30,用户评分
568788,江淮汽车,嘉悦A5,2020款 1.5T CVT 精英型,江淮嘉悦A5发动机怠速抖动希望厂家处理,"A24,",2021-01-30,用户评分
568787,知豆电动车,知豆D2,2016款 D2,知豆D2动力电池故障无法正常行驶,"H343,",2021-01-30,信息审核
568784,广汽丰田,雷凌,2019款 185T CVT 豪华版 国VI,广汽丰田雷凌低速行驶变速箱异响顿挫,"B33,B19,",2021-01-30,处理反馈
568783,一汽-大众,速腾,2018款 1.6L 自动 舒适型,一汽大众速腾行驶中变速箱顿挫严重,"B19,",2021-01-30,处理反馈
568782,上汽大众,途观L,2020款 330TSI 自动 两驱 全景舒适版 国VI,上汽大众途观L启停失灵 油耗高 车身异响,"A85,H15,H263,",2021-01-30,用户评分
568778,北京现代,领动,2020款 1.4T 双离合 炫动·活力型,北京现代领动行驶中方向跑偏转向异响,"D59,G117,",2021-01-30,用户评分
568771,一汽-大众,高尔夫·嘉旅,2016款 1.6L 自动 舒适型,一汽大众高尔夫嘉旅变速箱换挡机构故障,"B20,B96,B84,",2021-01-30,处理反馈
568766,一汽-大众,探岳,2019款 征途版 280TSI 两驱 豪华型 国Ⅵ,一汽大众探岳大灯有白雾希望厂家处理,"H82,",2021-01-30,用户评分
568765,东风日产,奇骏,2019款 2.0L CVT 智联舒适版 5座 2WD,东风日产奇骏发动机异响希望厂家处理,"A9,",2021-01-30,处理反馈
568762,上汽大众,Polo,2019款 Plus 1.5L 自动 全景乐享版,上汽大众Polo领取新年红包无法使用,"L313,",2021-01-30,处理反馈
568761,广汽丰田,雷凌,2017款 1.8H GS CVT 精英天窗版 国V 改款 双擎,广汽丰田雷凌出现交通事故安全气囊未弹开,"H55,",2021-01-30,处理反馈
568757,吉利汽车,远景X6,2016款 1.3T CVT 豪华型,吉利远景X6变速箱无法加速希望厂家处理,"B334,N317,",2021-01-29,用户评分
568756,BEIJING汽车,绅宝X35,2016款 1.5L 手动 精英版,绅宝X35转向异响卡顿换件未解决问题,"D59,D123,",2021-01-29,处理反馈
568752,长安汽车,长安CS55,2017款 1.5T 手动 炫色型,长安CS55中控台异响希望厂家处理问题,"H93,",2021-01-29,处理反馈
568751,东风本田,本田CR-V,2017款 240TURBO 自动 四驱 尊贵版,东风本田CR-V刹车不线性 自动驻车反应滞后,"E269,H170,",2021-01-29,处理反馈
568749,广汽三菱,劲炫ASX,2013款 2.0L 手动 两驱 舒适版,广汽三菱劲炫发动机舱异响希望厂家处理,"A9,",2021-01-29,厂家受理
568747,SWM斯威汽车,SWM斯威X7,2017款 1.5T 自动 智尊型 7座,斯威X7减震器异响希望厂家质保处理,"G52,I297,",2021-01-29,处理反馈
568746,一汽-大众奥迪,奥迪A6L,2021款 40 TFSI 豪华动感型,一汽大众奥迪A6L低速松油门自动加速,"B115,",2021-01-29,信息审核
568739,东风本田,INSPIRE,2019款 锐·混动 2.0L 净尚版 国VI,东风本田INSPIRE发动机渗油希望厂家处理,"A12,",2021-01-29,处理反馈
568738,一汽-大众,T-ROC探歌,2020款 280TSI DSG 两驱 豪华型,一汽大众探歌行驶中转向锁死存在质量问题,"D123,D57,",2021-01-29,用户评分
568735,沃尔沃（进口）,沃尔沃XC90,2021款 B6 智逸豪华版 7座,进口沃尔沃XC90发动机故障灯亮希望厂家处理,"A34,",2021-01-29,信息审核
568732,广汽本田,飞度,2014款 1.5L CVT LX舒适型,广汽本田飞度冷车启动困难有异响现象,"A9,A44,",2021-01-29,处理反馈
568730,东风乘用车,风神AX7,2016款 2.0L 自动 智逸型,东风风神AX7发动机噪音大方向盘抖动油耗高,"A38,A163,D80,E47,",2021-01-29,用户评分
568723,一汽奔腾,奔腾T77,2019款 230 TID 自动 尊享型 国VI,一汽奔腾T77行驶过程中自动断油故障灯亮,"A34,A255,",2021-01-29,用户评分
568722,长安汽车,悦翔V5,2012款 1.5L 手动 梦幻型 国IV,长安悦翔V5车身和底边起泡生锈希望厂家处理,"H81,",2021-01-29,用户评分
568721,一汽-大众,探岳,2020款 280TSI 两驱 豪华智联版,一汽大众探岳车灯不亮影响夜间使用,"H82,",2021-01-29,处理反馈
568716,福田汽车,图雅诺,2019款 2.8T 厢式 货车 长轴 中顶 4J28TC3,福田图雅诺变速箱无法加速存在安全隐患,"B334,",2021-01-29,信息审核
568712,北京现代,领动,2019款 1.4T 双离合 炫动·活力型,北京现代领动机油增多噪音大起步无力,"A339,A38,A163,",2021-01-29,处理反馈
568710,广汽丰田,凯美瑞,2015款 2.0G 自动 领先版,广汽丰田凯美瑞半轴防尘套漏油严重,"G51,",2021-01-29,处理反馈
568705,东风日产,轩逸,2019款 1.6XV CVT 智联尊享版 国V,东风日产轩逸中控屏重启无故关闭,"H134,",2021-01-29,处理反馈
568700,吉利汽车,嘉际,2019款 1.5TD MHEV DCT 耀享型,吉利嘉际变速箱和转向系统以及中控台异响,"B33,D59,E43,H93,",2021-01-29,用户评分
568697,林肯（进口）,林肯MKZ,2017款 2.0H E-CVT 尊享版,进口林肯MKZ防冻液渗漏希望厂家处理问题,"A24,A37,A191,",2021-01-29,信息审核
568696,观致汽车,观致5,2019款 观致5S 1.6T GDI 尊贵型,观致5电瓶故障需要更换电瓶极板,"H146,",2021-01-29,信息审核
568694,比亚迪,比亚迪F0,2010款 尚酷爱国版 1.0 手动 铉酷型,比亚迪F0车身侧裙和底盘生锈希望厂家处理,"H79,",2021-01-29,处理反馈
568692,东南汽车,东南DX7,2015款 1.5T  手动 启航型,东南DX7行驶时电子刹车故障无法解锁,"E159,",2021-01-29,处理反馈
568691,长安汽车,长安欧尚科赛,2020款 GT 2.0T 自动 时尚智联型 7座,长安欧尚科赛App控制天窗失灵车内饰开裂,"H155,H168,",2021-01-29,处理反馈
568690,长安汽车,长安UNI-T,2020款 1.5T 尊贵型,长安UN-T新车后备箱喷过漆要求厂家处理,"H81,M284,",2021-01-29,处理反馈
568688,比亚迪,宋PLUS,2020款 1.5T 自动 旗舰型,比亚迪宋PLUS合格证不准确导致无法上牌,"M279,",2021-01-29,用户评分
568684,广汽本田,冠道,2017款 370TURBO 自动 四驱 尊享版,广汽本田冠道变速箱换挡顿挫存在质量问题,"B19,",2021-01-29,处理反馈
568682,长安汽车,长安欧尚科赛,2020款 GT 2.0T 自动 时尚智联型 7座,长安欧尚科赛APP控制天窗失灵内装饰板开裂,"H155,H168,H192,",2021-01-29,处理反馈
568680,东风日产,天籁,2020款 2.0L XL 舒适版,东风日产天籁B柱底盘异响变速箱故障灯亮,"B96,G56,H15,",2021-01-29,处理反馈
568678,一汽-大众,速腾,2018款 280TSI DSG熠动版,大众速腾三条韩泰轮胎开裂存在质量问题,"F100,",2021-01-29,用户评分
568677,长城汽车,哈弗H6 Coupe,2018款 1.5T 自动 两驱 超豪型 红标,哈弗H6 Coupe发动机异响更换后未解决,"A9,",2021-01-29,处理反馈
568673,上汽通用五菱,宝骏310W,2017款 1.5L 手动 时尚型 国VI,宝骏310W行驶中出现交通事故气囊未弹开,"H55,",2021-01-29,用户评分
568672,一汽-大众,迈腾,2017款 330TSI DSG 领先型,一汽大众迈腾变速箱处于紧急运行模式,"B96,B115,",2021-01-29,处理反馈
568668,东风日产,天籁,2020款 2.0L XL 舒适版,东风日产天籁行驶时中控及B柱严重异响,"H93,H164,",2021-01-29,处理反馈
568663,一汽-大众,高尔夫,2017款 1.6L 自动 舒适百万辆纪念版,一汽大众高尔夫变速箱顿挫升挡逻辑混乱,"B19,B115,",2021-01-29,用户评分
568662,一汽奔腾,奔腾B30,2017款 1.6L 手动 豪华型,一汽奔腾B30发动机漏油噪音大 车身生锈,"A12,A38,D123,H79,H72,H93,",2021-01-29,处理反馈
568661,东风标致,标致408,2014款 1.8L 自动 豪华版,东风标致408固特异轮胎有裂纹轮毂氧化,"F100,H243,",2021-01-29,处理反馈
568659,广汽本田,奥德赛,2015款 2.4L 智享版 改款,广汽本田奥德赛冷启动VTC动作器异响,"A9,",2021-01-29,处理反馈
568657,一汽-大众,速腾,2014款 1.6L 自动 舒适型 改款,一汽大众速腾防冻液渗漏空调制热效果差,"A37,H101,",2021-01-29,处理反馈
568656,广汽本田,雅阁,2018款 260TURBO 豪华版 国VI,广汽本田雅阁变速箱漏油顿挫转向卡滞,"B19,B22,D123,",2021-01-29,处理反馈
568653,DS汽车,DS5,2015款 1.8T 豪华版THP200,DS5减震器漏油 方向盘掉皮 空调旋钮屏破裂,"G25,H168,",2021-01-29,信息审核
568652,广汽乘用车,传祺GA6,2019款 270T 自动 尊享版,广汽传祺GA6发动机抖动严重希望处理,"A24,",2021-01-29,处理反馈
568651,上汽通用五菱,宝骏530,2018款 1.8L 自动 豪华型 国V,宝骏530减震器漏油希望尽快解决,"G25,",2021-01-29,处理反馈
568649,广汽丰田,凯美瑞,2019款 2.5G 豪华版 国VI,广汽丰田凯美瑞发动机机油增多乳化,"A339,A13,I292,",2021-01-29,处理反馈
568647,一汽-大众,探岳,2019款 330TSI 两驱 豪华型 国V,一汽大众探岳前大灯发白影响行车安全,"H82,",2021-01-29,处理反馈
568646,一汽-大众,速腾,2018款 1.6L 自动 舒适型,一汽大众速腾低速变速箱异响希望处理,"B33,",2021-01-29,处理反馈
568643,广汽丰田,威兰达,2020款 2.0L CVT 两驱 豪华版,广汽丰田威兰达车门异响 发动机舱进泥浆,"H72,H21,Q322,",2021-01-29,处理反馈
568638,一汽-大众,迈腾,2015款 1.8TSI 领先型,一汽大众迈腾变速器机电单元故障,"B115,",2021-01-29,处理反馈
568637,长安汽车,长安欧尚X7,2020款 1.5T 自动 尊贵型,长安欧尚X7厂家尾灯到货地址遥远要求解决,"L314,N320,",2021-01-29,处理反馈
568636,上汽大众,凌渡,2021款 280TSI DSG 舒适版,上汽大众凌渡购车后4S店置换补贴未兑现,"L313,",2021-01-29,用户评分
568635,一汽-大众奥迪,奥迪Q3,2021款 40 TFSI 时尚动感型,一汽大众奥迪Q3车顶化妆镜位置漏水,"H109,",2021-01-29,信息审核
568634,陕汽德龙,德龙M3000,重型牵引车,陕汽德龙M3000新车发生自燃希望处理,"H40,",2021-01-29,信息审核
568629,北京现代,菲斯塔,2019款 280TGDi 智享版 国VI,北京现代菲斯塔合格证与车管所备案不符,"L314,Q349,",2021-01-29,处理反馈
568626,东风日产,逍客,2017款 2.0L CVT 豪华版 国VI,东风日产逍客经销商引导消费希望处理,"A34,K307,",2021-01-29,处理反馈
568624,一汽-大众,高尔夫,2018款 230TSI 自动 舒适型,一汽大众高尔夫维修离合器后变速箱异响,"B33,J300,",2021-01-29,处理反馈
568623,长安汽车,长安欧尚X70A,2019款 1.5L 手动 标准型 国VI,长安欧尚X70A变速箱换挡异响 行驶车身异响,"A38,A85,B33,H15,",2021-01-29,处理反馈
568622,一汽-大众,探岳,2020款 330TSI 两驱 豪华智联版,大众探岳车身共振 购车时置换补贴未兑现,"H268,L313,",2021-01-29,用户评分
568620,江淮汽车,瑞风S3,2016款 1.5L 手动 豪华智能型,江淮瑞风S3吃胎偏磨减震器异响,"G52,G245,",2021-01-29,处理反馈
568619,上汽大众,朗行,2013款 1.4TSI 自动 舒适型,上汽大众朗行变速箱异响厂家不延长质保,"B33,L314,",2021-01-29,处理反馈
568618,BEIJING汽车,BEIJING-EU5,2020款 R500 智风版,BEIJING-EU5购车时置换补贴未兑现,"L313,",2021-01-29,用户评分
568615,一汽-大众奥迪,奥迪A4L,2019款 40 TFSI 进取型 国V,一汽大众奥迪A4L发动机故障灯亮,"A9,",2021-01-29,信息审核
568613,领克,领克01,2020款 2.0T 两驱 纯Pro版 国VI,领克01行驶方向盘卡滞 刹车时油箱异响,"D123,H147,",2021-01-29,处理反馈
568612,一汽丰田,卡罗拉,2017款 1.8L CVT 领先版 改款 双擎,丰田卡罗拉油箱盖拉绳自动脱落 座椅抖动,"H168,H169,H50,",2021-01-29,处理反馈
568611,奇瑞汽车,瑞虎8,2019款 1.6TGDI 自动 精英型,奇瑞瑞虎8车灯盲区大存在安全隐患,"Q322,",2021-01-29,处理反馈
568607,长城汽车,长城C50,2013款 1.5T 精英型,长城C50漆面腐蚀 车身生锈希望尽快处理,"H79,H81,",2021-01-29,处理反馈
568603,东风标致,标致207,2011款 1.4 手动 品乐版 两厢,东风标致207后桥异响 右后轮倾斜,"G245,G158,H71,",2021-01-29,处理反馈
568602,东风雪铁龙,爱丽舍,2015款 1.6L 手动 舒适型,东风雪铁龙爱丽舍转向卡滞 方向盘不上锁,"D123,",2021-01-29,用户评分
568601,上汽大众,途观L,2019款 330TSI 自动 两驱 全景舒适版 国V,大众途观L启停失效 发动机油耗高动力消失,"A85,A255,H263,",2021-01-29,处理反馈
568600,奇瑞汽车,艾瑞泽5,2017款 1.5L 手动 领潮版,奇瑞艾瑞泽5四个车门生锈存在质量问题,"H79,",2021-01-29,处理反馈
568594,北京现代,悦动,2018款 1.6L 自动 悦值版 GLS 国V,北京现代悦动启动困难 发动机抖动,"A24,A44,",2021-01-29,处理反馈
568593,路虎进口,揽胜运动版,2021款 3.0 L6 SE,路虎揽胜运动版车灯故障报警维修后未解决,"H64,",2021-01-29,处理反馈
568592,一汽-大众,迈腾,2017款 330TSI DSG 豪华型,一汽大众迈腾变速箱机电单元故障,"B115,",2021-01-29,用户评分
568589,吉利汽车,远景X6,2020款 1.4T CVT 尊贵型,吉利远景X6车漆开裂 胎压报警 车载网络报警,"H81,H155,H203,J301,",2021-01-29,用户评分
568588,一汽-大众,迈腾,2016款 1.8TSI 智享豪华型,一汽大众迈腾变速箱故障报故障码要求索赔,"B115,",2021-01-29,处理反馈
568585,一汽-大众奥迪,奥迪A6L,2017款 45 TFSI 双离合 quattro 运动型,一汽大众奥迪A6L油箱异响希望厂家处理,"H147,",2021-01-29,信息审核
568580,一汽-大众,探岳,2019款 330TSI 四驱 豪华型 国Ⅵ,一汽大众探岳大灯有白雾影响夜间照明,"H82,",2021-01-29,用户评分
568577,长安福特,蒙迪欧,2017款 EcoBoost 180 自动 时尚型,长安福特蒙迪欧米其林轮胎开裂希望处理,"F100,",2021-01-29,用户评分
568576,奥迪（进口）,奥迪Q7,2014款 35TDI quattro 越野型,进口奥迪Q7行驶时转向系统卡滞失灵,"D123,D57,",2021-01-29,信息审核
568575,奇瑞汽车,瑞虎8,2018款 1.5TCI 自动 豪华型 7座,奇瑞瑞虎8天窗爆裂希望尽快处理,"H113,",2021-01-29,处理反馈
568574,吉利汽车,缤越,2020款 PRO 260T DCT 游侠,吉利缤越刹车异响严重希望尽快处理,"E43,",2021-01-29,处理反馈
568571,江淮汽车,江淮iEV,2015款 纯电动 iEV5,江淮iEV动力电池更换后续航严重缩水,"H344,",2021-01-29,用户评分
568569,东风日产,奇骏,2015款 2.0L CVT 舒适MAX版 2WD,东风日产奇骏变速箱无法挂挡希望厂家处理,"B20,",2021-01-29,处理反馈
568564,东风日产,启辰D50,2015款 1.6L 手动 时尚版,启辰D50发动机严重漏防冻液希望处理,"A37,",2021-01-29,用户评分
568563,领克,领克03,2021款 2.0TD 自动 劲 冠军版,领克03置换补贴未兑现QQ音乐会员兑换码过期,"L313,",2021-01-29,用户评分
568562,众泰汽车,众泰Z500,2015款 1.5T 手动 尊贵型,众泰Z500质保期内故障厂家无配件索赔,"N318,",2021-01-29,信息审核
568560,吉利汽车,缤瑞,2018款 14T CVT 缤致版,吉利缤瑞变速箱低速顿挫 升挡缓慢,"B19,",2021-01-29,处理反馈
568559,奇瑞汽车,瑞虎8 PLUS,2021款 290TGDI DCT 豪情版,奇瑞瑞虎8 PLUS新车座椅有划痕 疑似翻新车,"M284,",2021-01-29,处理反馈
568558,福田汽车,时代康瑞,2014款 康瑞H2-3360-北京环保4J28TC,福田时代康瑞库存车 车架号有变更 油管开裂,"H168,M284,M283,",2021-01-29,信息审核
568555,东风悦达起亚,焕驰,2020款 改款 1.4L 自动 舒适天窗版,起亚焕驰购车后4S店拒绝提供合格证,"L313,O353,",2021-01-29,处理反馈
568554,广汽本田,凌派,2019款 180Turbo CVT 豪华版 国VI,广汽本田凌派发动机故障大修经销商无配件,"A34,J300,N318,",2021-01-29,处理反馈
568553,东风雪铁龙,雪铁龙C4L,2015款 1.2T 自动 豪华版,东风雪铁龙C4L正时皮带掉渣堵塞油泵,"A34,A45,",2021-01-29,处理反馈
568552,上汽大众斯柯达,昊锐,2012款 1.4TSI DSG 智雅版,斯柯达昊锐延长质保期内变速箱漏油,"B22,",2021-01-29,处理反馈
568551,广汽丰田,YARiS L 致炫,2016款 1.5G CVT 炫动天窗版 改款,广汽丰田致炫发动机异响 车内顶灯开关失灵,"A9,H71,",2021-01-29,处理反馈
568549,江淮汽车,瑞风M4,2020款 2.0CTI 柴油 手动 劲享型 国VI,江淮瑞风M4车辆无法启动4S店未救援,"A44,L314,",2021-01-29,处理反馈
568545,上汽大众,桑塔纳,2018款 1.5L 自动 舒适版,上汽大众桑塔纳变速箱无法降挡希望厂家处理,"B20,",2021-01-29,用户评分
568542,一汽-大众奥迪,奥迪A6L,2018款 35 TFSI 双离合 时尚型,一汽大众奥迪A6L变速箱异响一直未解决	,"B33,",2021-01-29,信息审核
568540,观致汽车,观致5,2018款 1.6T 自动 尊贵型,观致5中控显示屏闪烁存在质量问题,"H134,",2021-01-29,信息审核
568539,一汽奔腾,奔腾B50,2016款 1.6L 手动 舒适型,一汽奔腾B50漆面大面积生锈4S店不予保修,"H79,",2021-01-29,处理反馈
568537,一汽丰田,亚洲龙,2019款 双擎 2.5L XLE 尊贵版 国Ⅵ,一汽丰田亚洲龙新车副驾驶有异响,"H79,H164,",2021-01-29,处理反馈
568536,上汽通用五菱,宝骏530,2018款 1.5T 手动 精英型 国V,宝骏530经销商出售车辆有购买车辆保险记录,"M284,",2021-01-29,处理反馈
568534,一汽-大众,迈腾,2017款 330TSI DSG 尊贵型,一汽大众迈腾变速箱异响顿挫存在质量问题,"B33,B19,B115,",2021-01-29,处理反馈
568531,江铃汽车,驭胜S330,2016款 1.5L GTDi 自动 四驱 旗舰版,江铃驭胜S330仪表盘故障灯亮 刹车弹簧断裂,"H168,",2021-01-29,信息审核
568528,东风悦达起亚,KX3傲跑,2020款 1.5L CVT 潮流版,东风悦达起亚KX3傲跑保养后机油泄漏,"J300,J303,J304,",2021-01-29,用户评分
568524,东风本田,本田CR-V,2017款 240TURBO 自动 四驱 尊耀版,东风本田CR-V中控抬头显示盖板不回位,"H134,",2021-01-29,用户评分
568521,吉利汽车,远景X6,2016款 1.3T CVT 旗舰型,吉利远景X6变速箱动力丢失故障灯亮,"B96,B334,",2021-01-29,处理反馈
568519,宝马（进口）,宝马X5,2021款 xDrive30i M运动套装,进口宝马X5行驶发动机舱异响 转向异响,"A9,D59,",2021-01-29,厂家受理
568517,奇瑞新能源,小蚂蚁,2021款 15万蚁粉款 蚁酷版,奇瑞小蚂蚁电动机噪音大 中控屏异响,"A341,H134,",2021-01-29,厂家受理
568516,一汽-大众捷达,捷达VS5,2019款 280TSI 自动 悦享型,捷达VS5踩油门发动机舱有异响现象,"A9,",2021-01-29,处理反馈
568510,广汽本田,雅阁,2018款 2.0L 锐领版 锐·混动 国VI,广汽本田雅阁方向盘卡滞影响安全行驶,"D123,",2021-01-29,用户评分
568509,华晨宝马,宝马1系,2020款 125i M运动套装,华晨宝马1系启动困难 怠速不稳希望处理,"A44,A35,",2021-01-29,信息审核
568508,东风悦达起亚,K5凯酷,2020款 270T CVVD 豪华版,东风悦达起亚K5凯酷副驾驶存在异响,"H164,",2021-01-29,处理反馈
568507,野马汽车,野马T70,2017款 1.5T 手动 精英型 运动版 T70S,野马T70刹车盘异常磨损希望处理,"E47,",2021-01-29,信息审核
568506,领克,领克03,2018款 1.5TD DCT 劲Pro版 国V,领克03车身稳定系统故障 行驶熄火,"A14,H170,",2021-01-29,用户评分
